1,672,"transfer"
1,584,"transfer"
1,259,"transfer"
1,644,"transfer"
1,418,"transfer"
2,833,"transfer"
2,840,"transfer"
2,493,"transfer"
2,693,"transfer"
2,546,"transfer"
3,175,"transfer"
3,470,"transfer"
3,352,"transfer"
3,579,"transfer"
3,85,"transfer"
4,330,"transfer"
4,646,"transfer"
4,263,"transfer"
4,403,"transfer"
4,856,"transfer"
5,562,"transfer"
5,693,"transfer"
5,595,"transfer"
5,513,"transfer"
5,744,"transfer"
6,457,"transfer"
6,614,"transfer"
6,327,"transfer"
6,140,"transfer"
6,580,"transfer"
7,380,"transfer"
7,338,"transfer"
7,891,"transfer"
7,722,"transfer"
7,58,"transfer"
8,150,"transfer"
8,333,"transfer"
8,292,"transfer"
8,757,"transfer"
8,831,"transfer"
9,177,"transfer"
9,493,"transfer"
9,388,"transfer"
9,915,"transfer"
9,441,"transfer"
10,54,"transfer"
10,478,"transfer"
10,745,"transfer"
10,491,"transfer"
10,856,"transfer"
11,730,"transfer"
11,131,"transfer"
11,468,"transfer"
11,756,"transfer"
11,88,"transfer"
12,534,"transfer"
12,633,"transfer"
12,740,"transfer"
12,524,"transfer"
12,458,"transfer"
13,778,"transfer"
13,959,"transfer"
13,19,"transfer"
13,749,"transfer"
13,970,"transfer"
14,255,"transfer"
14,668,"transfer"
14,383,"transfer"
14,688,"transfer"
14,845,"transfer"
15,511,"transfer"
15,534,"transfer"
15,412,"transfer"
15,833,"transfer"
15,208,"transfer"
16,559,"transfer"
16,534,"transfer"
16,830,"transfer"
16,648,"transfer"
16,606,"transfer"
17,348,"transfer"
17,340,"transfer"
17,261,"transfer"
17,418,"transfer"
17,584,"transfer"
18,615,"transfer"
18,662,"transfer"
18,789,"transfer"
18,830,"transfer"
18,276,"transfer"
19,801,"transfer"
19,595,"transfer"
19,261,"transfer"
19,439,"transfer"
19,525,"transfer"
20,110,"transfer"
20,245,"transfer"
20,406,"transfer"
20,582,"transfer"
20,832,"transfer"
21,261,"transfer"
21,352,"transfer"
21,434,"transfer"
21,691,"transfer"
21,980,"transfer"
22,101,"transfer"
22,844,"transfer"
22,635,"transfer"
22,492,"transfer"
22,585,"transfer"
23,435,"transfer"
23,257,"transfer"
23,302,"transfer"
23,528,"transfer"
23,934,"transfer"
24,637,"transfer"
24,207,"transfer"
24,58,"transfer"
24,203,"transfer"
24,523,"transfer"
25,871,"transfer"
25,241,"transfer"
25,226,"transfer"
25,778,"transfer"
25,352,"transfer"
26,125,"transfer"
26,524,"transfer"
26,397,"transfer"
26,872,"transfer"
26,127,"transfer"
27,860,"transfer"
27,91,"transfer"
27,795,"transfer"
27,759,"transfer"
27,118,"transfer"
28,981,"transfer"
28,387,"transfer"
28,934,"transfer"
28,109,"transfer"
28,448,"transfer"
29,890,"transfer"
29,309,"transfer"
29,31,"transfer"
29,407,"transfer"
29,101,"transfer"
30,746,"transfer"
30,309,"transfer"
30,57,"transfer"
30,420,"transfer"
30,89,"transfer"
31,37,"transfer"
31,640,"transfer"
31,865,"transfer"
31,724,"transfer"
31,525,"transfer"
32,462,"transfer"
32,310,"transfer"
32,135,"transfer"
32,818,"transfer"
32,962,"transfer"
33,981,"transfer"
33,83,"transfer"
33,541,"transfer"
33,865,"transfer"
33,805,"transfer"
34,255,"transfer"
34,36,"transfer"
34,494,"transfer"
34,154,"transfer"
34,759,"transfer"
35,559,"transfer"
35,856,"transfer"
35,523,"transfer"
35,656,"transfer"
35,397,"transfer"
36,66,"transfer"
36,340,"transfer"
36,846,"transfer"
36,146,"transfer"
36,304,"transfer"
37,821,"transfer"
37,532,"transfer"
37,899,"transfer"
37,119,"transfer"
37,78,"transfer"
38,687,"transfer"
38,589,"transfer"
38,589,"transfer"
38,764,"transfer"
38,980,"transfer"
39,326,"transfer"
39,846,"transfer"
39,499,"transfer"
39,71,"transfer"
39,659,"transfer"
40,259,"transfer"
40,583,"transfer"
40,825,"transfer"
40,420,"transfer"
40,384,"transfer"
41,619,"transfer"
41,135,"transfer"
41,595,"transfer"
41,383,"transfer"
41,781,"transfer"
42,439,"transfer"
42,232,"transfer"
42,892,"transfer"
42,722,"transfer"
42,559,"transfer"
43,387,"transfer"
43,955,"transfer"
43,644,"transfer"
43,310,"transfer"
43,374,"transfer"
44,740,"transfer"
44,33,"transfer"
44,831,"transfer"
44,482,"transfer"
44,842,"transfer"
45,745,"transfer"
45,850,"transfer"
45,317,"transfer"
45,434,"transfer"
45,719,"transfer"
46,811,"transfer"
46,779,"transfer"
46,210,"transfer"
46,714,"transfer"
46,793,"transfer"
47,791,"transfer"
47,667,"transfer"
47,135,"transfer"
47,380,"transfer"
47,492,"transfer"
48,860,"transfer"
48,581,"transfer"
48,713,"transfer"
48,134,"transfer"
48,793,"transfer"
49,235,"transfer"
49,716,"transfer"
49,371,"transfer"
49,56,"transfer"
49,272,"transfer"
50,301,"transfer"
50,454,"transfer"
50,144,"transfer"
50,8,"transfer"
50,618,"transfer"
51,135,"transfer"
51,743,"transfer"
51,373,"transfer"
51,65,"transfer"
51,279,"transfer"
52,301,"transfer"
52,310,"transfer"
52,114,"transfer"
52,666,"transfer"
52,692,"transfer"
53,783,"transfer"
53,225,"transfer"
53,191,"transfer"
53,856,"transfer"
53,448,"transfer"
54,441,"transfer"
54,778,"transfer"
54,738,"transfer"
54,677,"transfer"
54,140,"transfer"
55,654,"transfer"
55,624,"transfer"
55,683,"transfer"
55,781,"transfer"
55,463,"transfer"
56,451,"transfer"
56,591,"transfer"
56,617,"transfer"
56,154,"transfer"
56,411,"transfer"
57,339,"transfer"
57,449,"transfer"
57,407,"transfer"
57,877,"transfer"
57,125,"transfer"
58,327,"transfer"
58,469,"transfer"
58,904,"transfer"
58,299,"transfer"
58,406,"transfer"
59,795,"transfer"
59,330,"transfer"
59,738,"transfer"
59,670,"transfer"
59,317,"transfer"
60,400,"transfer"
60,506,"transfer"
60,527,"transfer"
60,690,"transfer"
60,135,"transfer"
61,948,"transfer"
61,643,"transfer"
61,647,"transfer"
61,539,"transfer"
61,241,"transfer"
62,458,"transfer"
62,381,"transfer"
62,313,"transfer"
62,387,"transfer"
62,583,"transfer"
63,139,"transfer"
63,478,"transfer"
63,188,"transfer"
63,934,"transfer"
63,125,"transfer"
64,708,"transfer"
64,906,"transfer"
64,475,"transfer"
64,961,"transfer"
64,881,"transfer"
65,135,"transfer"
65,904,"transfer"
65,606,"transfer"
65,918,"transfer"
65,614,"transfer"
66,892,"transfer"
66,644,"transfer"
66,397,"transfer"
66,759,"transfer"
66,821,"transfer"
67,194,"transfer"
67,720,"transfer"
67,803,"transfer"
67,146,"transfer"
67,559,"transfer"
68,281,"transfer"
68,309,"transfer"
68,338,"transfer"
68,167,"transfer"
68,330,"transfer"
69,89,"transfer"
69,414,"transfer"
69,634,"transfer"
69,177,"transfer"
69,862,"transfer"
70,316,"transfer"
70,560,"transfer"
70,931,"transfer"
70,970,"transfer"
70,207,"transfer"
71,998,"transfer"
71,29,"transfer"
71,118,"transfer"
71,366,"transfer"
71,975,"transfer"
72,499,"transfer"
72,752,"transfer"
72,264,"transfer"
72,57,"transfer"
72,933,"transfer"
73,576,"transfer"
73,348,"transfer"
73,519,"transfer"
73,444,"transfer"
73,309,"transfer"
74,970,"transfer"
74,4,"transfer"
74,272,"transfer"
74,601,"transfer"
74,534,"transfer"
75,423,"transfer"
75,2,"transfer"
75,583,"transfer"
75,356,"transfer"
75,404,"transfer"
76,359,"transfer"
76,525,"transfer"
76,342,"transfer"
76,830,"transfer"
76,519,"transfer"
77,860,"transfer"
77,920,"transfer"
77,458,"transfer"
77,982,"transfer"
77,380,"transfer"
78,289,"transfer"
78,412,"transfer"
78,579,"transfer"
78,231,"transfer"
78,778,"transfer"
79,214,"transfer"
79,233,"transfer"
79,140,"transfer"
79,225,"transfer"
79,738,"transfer"
80,784,"transfer"
80,13,"transfer"
80,974,"transfer"
80,325,"transfer"
80,359,"transfer"
81,732,"transfer"
81,50,"transfer"
81,219,"transfer"
81,274,"transfer"
81,461,"transfer"
82,6,"transfer"
82,299,"transfer"
82,70,"transfer"
82,644,"transfer"
82,241,"transfer"
83,181,"transfer"
83,466,"transfer"
83,579,"transfer"
83,406,"transfer"
83,228,"transfer"
84,146,"transfer"
84,50,"transfer"
84,694,"transfer"
84,466,"transfer"
84,763,"transfer"
85,608,"transfer"
85,387,"transfer"
85,742,"transfer"
85,674,"transfer"
85,904,"transfer"
86,416,"transfer"
86,597,"transfer"
86,962,"transfer"
86,601,"transfer"
86,274,"transfer"
87,54,"transfer"
87,534,"transfer"
87,534,"transfer"
87,601,"transfer"
87,81,"transfer"
88,569,"transfer"
88,235,"transfer"
88,222,"transfer"
88,88,"transfer"
88,980,"transfer"
89,891,"transfer"
89,796,"transfer"
89,914,"transfer"
89,387,"transfer"
89,458,"transfer"
90,720,"transfer"
90,724,"transfer"
90,643,"transfer"
90,290,"transfer"
90,167,"transfer"
91,821,"transfer"
91,542,"transfer"
91,222,"transfer"
91,440,"transfer"
91,255,"transfer"
92,225,"transfer"
92,920,"transfer"
92,481,"transfer"
92,865,"transfer"
92,794,"transfer"
93,261,"transfer"
93,460,"transfer"
93,851,"transfer"
93,897,"transfer"
93,850,"transfer"
94,737,"transfer"
94,720,"transfer"
94,742,"transfer"
94,289,"transfer"
94,135,"transfer"
95,301,"transfer"
95,877,"transfer"
95,509,"transfer"
95,118,"transfer"
95,175,"transfer"
96,51,"transfer"
96,884,"transfer"
96,352,"transfer"
96,521,"transfer"
96,337,"transfer"
97,811,"transfer"
97,706,"transfer"
97,678,"transfer"
97,222,"transfer"
97,981,"transfer"
98,564,"transfer"
98,397,"transfer"
98,579,"transfer"
98,682,"transfer"
98,791,"transfer"
99,548,"transfer"
99,265,"transfer"
99,643,"transfer"
99,459,"transfer"
99,155,"transfer"
100,666,"transfer"
100,804,"transfer"
100,752,"transfer"
100,559,"transfer"
100,756,"transfer"
101,118,"transfer"
101,134,"transfer"
101,443,"transfer"
101,794,"transfer"
101,418,"transfer"
102,352,"transfer"
102,581,"transfer"
102,681,"transfer"
102,919,"transfer"
102,2,"transfer"
103,387,"transfer"
103,552,"transfer"
103,399,"transfer"
103,871,"transfer"
103,72,"transfer"
104,312,"transfer"
104,205,"transfer"
104,51,"transfer"
104,685,"transfer"
104,771,"transfer"
105,640,"transfer"
105,255,"transfer"
105,118,"transfer"
105,890,"transfer"
105,602,"transfer"
106,174,"transfer"
106,628,"transfer"
106,411,"transfer"
106,830,"transfer"
106,274,"transfer"
107,669,"transfer"
107,920,"transfer"
107,327,"transfer"
107,207,"transfer"
107,218,"transfer"
108,85,"transfer"
108,785,"transfer"
108,746,"transfer"
108,690,"transfer"
108,616,"transfer"
109,559,"transfer"
109,982,"transfer"
109,407,"transfer"
109,579,"transfer"
109,264,"transfer"
110,351,"transfer"
110,699,"transfer"
110,73,"transfer"
110,588,"transfer"
110,203,"transfer"
111,292,"transfer"
111,920,"transfer"
111,313,"transfer"
111,91,"transfer"
111,676,"transfer"
112,272,"transfer"
112,597,"transfer"
112,436,"transfer"
112,35,"transfer"
112,45,"transfer"
113,330,"transfer"
113,279,"transfer"
113,532,"transfer"
113,906,"transfer"
113,457,"transfer"
114,293,"transfer"
114,123,"transfer"
114,478,"transfer"
114,865,"transfer"
114,801,"transfer"
115,272,"transfer"
115,756,"transfer"
115,535,"transfer"
115,171,"transfer"
115,927,"transfer"
116,727,"transfer"
116,238,"transfer"
116,340,"transfer"
116,778,"transfer"
116,716,"transfer"
117,323,"transfer"
117,823,"transfer"
117,301,"transfer"
117,664,"transfer"
117,312,"transfer"
118,388,"transfer"
118,40,"transfer"
118,640,"transfer"
118,840,"transfer"
118,525,"transfer"
119,743,"transfer"
119,361,"transfer"
119,264,"transfer"
119,710,"transfer"
119,420,"transfer"
120,791,"transfer"
120,330,"transfer"
120,50,"transfer"
120,804,"transfer"
120,840,"transfer"
121,722,"transfer"
121,562,"transfer"
121,94,"transfer"
121,255,"transfer"
121,221,"transfer"
122,27,"transfer"
122,606,"transfer"
122,495,"transfer"
122,640,"transfer"
122,140,"transfer"
123,95,"transfer"
123,130,"transfer"
123,194,"transfer"
123,524,"transfer"
123,624,"transfer"
124,135,"transfer"
124,730,"transfer"
124,807,"transfer"
124,807,"transfer"
124,413,"transfer"
125,29,"transfer"
125,210,"transfer"
125,971,"transfer"
125,94,"transfer"
125,352,"transfer"
126,566,"transfer"
126,559,"transfer"
126,571,"transfer"
126,699,"transfer"
126,4,"transfer"
127,693,"transfer"
127,284,"transfer"
127,49,"transfer"
127,931,"transfer"
127,593,"transfer"
128,203,"transfer"
128,992,"transfer"
128,140,"transfer"
128,536,"transfer"
128,256,"transfer"
129,741,"transfer"
129,171,"transfer"
129,821,"transfer"
129,60,"transfer"
129,359,"transfer"
130,858,"transfer"
130,263,"transfer"
130,326,"transfer"
130,399,"transfer"
130,590,"transfer"
131,724,"transfer"
131,774,"transfer"
131,301,"transfer"
131,732,"transfer"
131,637,"transfer"
132,327,"transfer"
132,365,"transfer"
132,612,"transfer"
132,842,"transfer"
132,566,"transfer"
133,918,"transfer"
133,175,"transfer"
133,920,"transfer"
133,179,"transfer"
133,843,"transfer"
134,25,"transfer"
134,894,"transfer"
134,387,"transfer"
134,786,"transfer"
134,22,"transfer"
135,874,"transfer"
135,328,"transfer"
135,152,"transfer"
135,934,"transfer"
135,498,"transfer"
136,143,"transfer"
136,510,"transfer"
136,292,"transfer"
136,636,"transfer"
136,525,"transfer"
137,413,"transfer"
137,651,"transfer"
137,685,"transfer"
137,420,"transfer"
137,274,"transfer"
138,143,"transfer"
138,380,"transfer"
138,772,"transfer"
138,144,"transfer"
138,570,"transfer"
139,981,"transfer"
139,492,"transfer"
139,801,"transfer"
139,903,"transfer"
139,536,"transfer"
140,261,"transfer"
140,754,"transfer"
140,756,"transfer"
140,890,"transfer"
140,165,"transfer"
141,469,"transfer"
141,412,"transfer"
141,109,"transfer"
141,981,"transfer"
141,738,"transfer"
142,835,"transfer"
142,222,"transfer"
142,553,"transfer"
142,836,"transfer"
142,788,"transfer"
143,101,"transfer"
143,439,"transfer"
143,699,"transfer"
143,352,"transfer"
143,777,"transfer"
144,94,"transfer"
144,63,"transfer"
144,175,"transfer"
144,618,"transfer"
144,390,"transfer"
145,177,"transfer"
145,892,"transfer"
145,736,"transfer"
145,981,"transfer"
145,404,"transfer"
146,601,"transfer"
146,553,"transfer"
146,548,"transfer"
146,801,"transfer"
146,32,"transfer"
147,212,"transfer"
147,139,"transfer"
147,836,"transfer"
147,801,"transfer"
147,807,"transfer"
148,490,"transfer"
148,620,"transfer"
148,560,"transfer"
148,673,"transfer"
148,860,"transfer"
149,691,"transfer"
149,317,"transfer"
149,352,"transfer"
149,249,"transfer"
149,310,"transfer"
150,58,"transfer"
150,801,"transfer"
150,395,"transfer"
150,417,"transfer"
150,891,"transfer"
151,13,"transfer"
151,934,"transfer"
151,387,"transfer"
151,921,"transfer"
151,499,"transfer"
152,491,"transfer"
152,125,"transfer"
152,241,"transfer"
152,327,"transfer"
152,514,"transfer"
153,478,"transfer"
153,681,"transfer"
153,700,"transfer"
153,352,"transfer"
153,187,"transfer"
154,604,"transfer"
154,102,"transfer"
154,161,"transfer"
154,297,"transfer"
154,756,"transfer"
155,690,"transfer"
155,443,"transfer"
155,85,"transfer"
155,301,"transfer"
155,537,"transfer"
156,305,"transfer"
156,949,"transfer"
156,949,"transfer"
156,707,"transfer"
156,856,"transfer"
157,299,"transfer"
157,634,"transfer"
157,984,"transfer"
157,681,"transfer"
157,597,"transfer"
158,576,"transfer"
158,746,"transfer"
158,4,"transfer"
158,757,"transfer"
158,640,"transfer"
159,129,"transfer"
159,887,"transfer"
159,406,"transfer"
159,184,"transfer"
159,781,"transfer"
160,555,"transfer"
160,403,"transfer"
160,13,"transfer"
160,892,"transfer"
160,439,"transfer"
161,233,"transfer"
161,916,"transfer"
161,50,"transfer"
161,850,"transfer"
161,128,"transfer"
162,471,"transfer"
162,923,"transfer"
162,4,"transfer"
162,387,"transfer"
162,720,"transfer"
163,560,"transfer"
163,186,"transfer"
163,301,"transfer"
163,730,"transfer"
163,27,"transfer"
164,352,"transfer"
164,778,"transfer"
164,942,"transfer"
164,543,"transfer"
164,697,"transfer"
165,282,"transfer"
165,533,"transfer"
165,690,"transfer"
165,463,"transfer"
165,332,"transfer"
166,421,"transfer"
166,665,"transfer"
166,311,"transfer"
166,805,"transfer"
166,328,"transfer"
167,259,"transfer"
167,613,"transfer"
167,536,"transfer"
167,406,"transfer"
167,403,"transfer"
168,252,"transfer"
168,123,"transfer"
168,894,"transfer"
168,380,"transfer"
168,720,"transfer"
169,380,"transfer"
169,874,"transfer"
169,263,"transfer"
169,804,"transfer"
169,463,"transfer"
170,203,"transfer"
170,884,"transfer"
170,259,"transfer"
170,35,"transfer"
170,4,"transfer"
171,560,"transfer"
171,218,"transfer"
171,664,"transfer"
171,981,"transfer"
171,831,"transfer"
172,305,"transfer"
172,292,"transfer"
172,294,"transfer"
172,842,"transfer"
172,764,"transfer"
173,578,"transfer"
173,659,"transfer"
173,746,"transfer"
173,583,"transfer"
173,272,"transfer"
174,178,"transfer"
174,135,"transfer"
174,261,"transfer"
174,523,"transfer"
174,418,"transfer"
175,621,"transfer"
175,183,"transfer"
175,270,"transfer"
175,353,"transfer"
175,407,"transfer"
176,610,"transfer"
176,57,"transfer"
176,96,"transfer"
176,555,"transfer"
176,968,"transfer"
177,242,"transfer"
177,448,"transfer"
177,578,"transfer"
177,412,"transfer"
177,146,"transfer"
178,268,"transfer"
178,122,"transfer"
178,188,"transfer"
178,921,"transfer"
178,462,"transfer"
179,688,"transfer"
179,166,"transfer"
179,397,"transfer"
179,384,"transfer"
179,900,"transfer"
180,855,"transfer"
180,984,"transfer"
180,352,"transfer"
180,135,"transfer"
180,417,"transfer"
181,803,"transfer"
181,567,"transfer"
181,23,"transfer"
181,524,"transfer"
181,740,"transfer"
182,556,"transfer"
182,370,"transfer"
182,975,"transfer"
182,299,"transfer"
182,453,"transfer"
183,327,"transfer"
183,125,"transfer"
183,85,"transfer"
183,754,"transfer"
183,207,"transfer"
184,218,"transfer"
184,330,"transfer"
184,612,"transfer"
184,659,"transfer"
184,888,"transfer"
185,583,"transfer"
185,310,"transfer"
185,222,"transfer"
185,255,"transfer"
185,221,"transfer"
186,294,"transfer"
186,589,"transfer"
186,918,"transfer"
186,10,"transfer"
186,865,"transfer"
187,796,"transfer"
187,726,"transfer"
187,359,"transfer"
187,273,"transfer"
187,374,"transfer"
188,926,"transfer"
188,63,"transfer"
188,183,"transfer"
188,463,"transfer"
188,581,"transfer"
189,797,"transfer"
189,697,"transfer"
189,478,"transfer"
189,687,"transfer"
189,602,"transfer"
190,117,"transfer"
190,187,"transfer"
190,555,"transfer"
190,56,"transfer"
190,28,"transfer"
191,842,"transfer"
191,926,"transfer"
191,716,"transfer"
191,212,"transfer"
191,329,"transfer"
192,495,"transfer"
192,273,"transfer"
192,331,"transfer"
192,122,"transfer"
192,76,"transfer"
193,405,"transfer"
193,118,"transfer"
193,88,"transfer"
193,968,"transfer"
193,711,"transfer"
194,281,"transfer"
194,751,"transfer"
194,860,"transfer"
194,807,"transfer"
194,299,"transfer"
195,584,"transfer"
195,804,"transfer"
195,870,"transfer"
195,232,"transfer"
195,153,"transfer"
196,844,"transfer"
196,66,"transfer"
196,301,"transfer"
196,380,"transfer"
196,412,"transfer"
197,76,"transfer"
197,724,"transfer"
197,236,"transfer"
197,473,"transfer"
197,387,"transfer"
198,975,"transfer"
198,595,"transfer"
198,8,"transfer"
198,57,"transfer"
198,155,"transfer"
199,88,"transfer"
199,878,"transfer"
199,230,"transfer"
199,140,"transfer"
199,114,"transfer"
200,851,"transfer"
200,439,"transfer"
200,394,"transfer"
200,872,"transfer"
200,264,"transfer"
201,635,"transfer"
201,871,"transfer"
201,831,"transfer"
201,842,"transfer"
201,856,"transfer"
202,510,"transfer"
202,616,"transfer"
202,241,"transfer"
202,390,"transfer"
202,101,"transfer"
203,287,"transfer"
203,677,"transfer"
203,962,"transfer"
203,102,"transfer"
203,746,"transfer"
204,683,"transfer"
204,575,"transfer"
204,681,"transfer"
204,207,"transfer"
204,281,"transfer"
205,980,"transfer"
205,66,"transfer"
205,135,"transfer"
205,473,"transfer"
205,71,"transfer"
206,226,"transfer"
206,379,"transfer"
206,135,"transfer"
206,80,"transfer"
206,844,"transfer"
207,359,"transfer"
207,8,"transfer"
207,646,"transfer"
207,636,"transfer"
207,310,"transfer"
208,559,"transfer"
208,352,"transfer"
208,872,"transfer"
208,550,"transfer"
208,801,"transfer"
209,407,"transfer"
209,868,"transfer"
209,599,"transfer"
209,6,"transfer"
209,78,"transfer"
210,726,"transfer"
210,326,"transfer"
210,976,"transfer"
210,7,"transfer"
210,56,"transfer"
211,289,"transfer"
211,242,"transfer"
211,730,"transfer"
211,509,"transfer"
211,493,"transfer"
212,13,"transfer"
212,764,"transfer"
212,335,"transfer"
212,145,"transfer"
212,796,"transfer"
213,314,"transfer"
213,788,"transfer"
213,591,"transfer"
213,135,"transfer"
213,229,"transfer"
214,387,"transfer"
214,511,"transfer"
214,27,"transfer"
214,699,"transfer"
214,634,"transfer"
215,662,"transfer"
215,169,"transfer"
215,420,"transfer"
215,804,"transfer"
215,607,"transfer"
216,610,"transfer"
216,674,"transfer"
216,76,"transfer"
216,787,"transfer"
216,821,"transfer"
217,330,"transfer"
217,288,"transfer"
217,550,"transfer"
217,607,"transfer"
217,403,"transfer"
218,560,"transfer"
218,312,"transfer"
218,799,"transfer"
218,280,"transfer"
218,595,"transfer"
219,85,"transfer"
219,19,"transfer"
219,163,"transfer"
219,397,"transfer"
219,184,"transfer"
220,340,"transfer"
220,441,"transfer"
220,893,"transfer"
220,929,"transfer"
220,994,"transfer"
221,272,"transfer"
221,555,"transfer"
221,206,"transfer"
221,213,"transfer"
221,202,"transfer"
222,154,"transfer"
222,437,"transfer"
222,274,"transfer"
222,695,"transfer"
222,387,"transfer"
223,499,"transfer"
223,981,"transfer"
223,699,"transfer"
223,505,"transfer"
223,124,"transfer"
224,624,"transfer"
224,259,"transfer"
224,602,"transfer"
224,944,"transfer"
224,730,"transfer"
225,801,"transfer"
225,620,"transfer"
225,560,"transfer"
225,56,"transfer"
225,699,"transfer"
226,842,"transfer"
226,340,"transfer"
226,465,"transfer"
226,904,"transfer"
226,487,"transfer"
227,317,"transfer"
227,397,"transfer"
227,922,"transfer"
227,292,"transfer"
227,778,"transfer"
228,458,"transfer"
228,387,"transfer"
228,126,"transfer"
228,901,"transfer"
228,724,"transfer"
229,654,"transfer"
229,744,"transfer"
229,79,"transfer"
229,285,"transfer"
229,50,"transfer"
230,926,"transfer"
230,626,"transfer"
230,439,"transfer"
230,481,"transfer"
230,235,"transfer"
231,412,"transfer"
231,130,"transfer"
231,535,"transfer"
231,95,"transfer"
231,104,"transfer"
232,126,"transfer"
232,584,"transfer"
232,933,"transfer"
232,624,"transfer"
232,202,"transfer"
233,759,"transfer"
233,4,"transfer"
233,534,"transfer"
233,80,"transfer"
233,120,"transfer"
234,623,"transfer"
234,728,"transfer"
234,847,"transfer"
234,407,"transfer"
234,439,"transfer"
235,523,"transfer"
235,351,"transfer"
235,691,"transfer"
235,732,"transfer"
235,347,"transfer"
236,814,"transfer"
236,618,"transfer"
236,17,"transfer"
236,135,"transfer"
236,181,"transfer"
237,801,"transfer"
237,777,"transfer"
237,166,"transfer"
237,646,"transfer"
237,836,"transfer"
238,66,"transfer"
238,406,"transfer"
238,559,"transfer"
238,387,"transfer"
238,981,"transfer"
239,8,"transfer"
239,795,"transfer"
239,276,"transfer"
239,356,"transfer"
239,717,"transfer"
240,104,"transfer"
240,614,"transfer"
240,380,"transfer"
240,606,"transfer"
240,645,"transfer"
241,29,"transfer"
241,463,"transfer"
241,532,"transfer"
241,642,"transfer"
241,17,"transfer"
242,136,"transfer"
242,80,"transfer"
242,929,"transfer"
242,141,"transfer"
242,135,"transfer"
243,342,"transfer"
243,937,"transfer"
243,693,"transfer"
243,420,"transfer"
243,412,"transfer"
244,447,"transfer"
244,804,"transfer"
244,494,"transfer"
244,412,"transfer"
244,50,"transfer"
245,960,"transfer"
245,858,"transfer"
245,942,"transfer"
245,495,"transfer"
245,228,"transfer"
246,777,"transfer"
246,732,"transfer"
246,59,"transfer"
246,746,"transfer"
246,21,"transfer"
247,88,"transfer"
247,807,"transfer"
247,514,"transfer"
247,934,"transfer"
247,493,"transfer"
248,412,"transfer"
248,973,"transfer"
248,320,"transfer"
248,258,"transfer"
248,383,"transfer"
249,54,"transfer"
249,350,"transfer"
249,579,"transfer"
249,561,"transfer"
249,205,"transfer"
250,364,"transfer"
250,58,"transfer"
250,683,"transfer"
250,670,"transfer"
250,40,"transfer"
251,660,"transfer"
251,314,"transfer"
251,870,"transfer"
251,387,"transfer"
251,259,"transfer"
252,225,"transfer"
252,383,"transfer"
252,397,"transfer"
252,127,"transfer"
252,926,"transfer"
253,236,"transfer"
253,166,"transfer"
253,577,"transfer"
253,666,"transfer"
253,871,"transfer"
254,188,"transfer"
254,587,"transfer"
254,876,"transfer"
254,50,"transfer"
254,380,"transfer"
255,790,"transfer"
255,590,"transfer"
255,57,"transfer"
255,891,"transfer"
255,670,"transfer"
256,981,"transfer"
256,397,"transfer"
256,253,"transfer"
256,874,"transfer"
256,867,"transfer"
257,368,"transfer"
257,437,"transfer"
257,713,"transfer"
257,387,"transfer"
257,259,"transfer"
258,677,"transfer"
258,78,"transfer"
258,515,"transfer"
258,88,"transfer"
258,190,"transfer"
259,387,"transfer"
259,190,"transfer"
259,305,"transfer"
259,4,"transfer"
259,102,"transfer"
260,24,"transfer"
260,934,"transfer"
260,920,"transfer"
260,454,"transfer"
260,772,"transfer"
261,145,"transfer"
261,918,"transfer"
261,948,"transfer"
261,802,"transfer"
261,461,"transfer"
262,10,"transfer"
262,19,"transfer"
262,50,"transfer"
262,564,"transfer"
262,716,"transfer"
263,519,"transfer"
263,40,"transfer"
263,693,"transfer"
263,856,"transfer"
263,388,"transfer"
264,12,"transfer"
264,74,"transfer"
264,555,"transfer"
264,944,"transfer"
264,751,"transfer"
265,892,"transfer"
265,807,"transfer"
265,369,"transfer"
265,559,"transfer"
265,958,"transfer"
266,181,"transfer"
266,534,"transfer"
266,70,"transfer"
266,545,"transfer"
266,830,"transfer"
267,205,"transfer"
267,102,"transfer"
267,294,"transfer"
267,313,"transfer"
267,565,"transfer"
268,155,"transfer"
268,94,"transfer"
268,837,"transfer"
268,372,"transfer"
268,891,"transfer"
269,775,"transfer"
269,519,"transfer"
269,759,"transfer"
269,52,"transfer"
269,980,"transfer"
270,495,"transfer"
270,771,"transfer"
270,469,"transfer"
270,407,"transfer"
270,724,"transfer"
271,419,"transfer"
271,593,"transfer"
271,66,"transfer"
271,518,"transfer"
271,276,"transfer"
272,788,"transfer"
272,840,"transfer"
272,607,"transfer"
272,466,"transfer"
272,140,"transfer"
273,811,"transfer"
273,233,"transfer"
273,871,"transfer"
273,388,"transfer"
273,94,"transfer"
274,835,"transfer"
274,893,"transfer"
274,865,"transfer"
274,355,"transfer"
274,78,"transfer"
275,356,"transfer"
275,584,"transfer"
275,406,"transfer"
275,209,"transfer"
275,27,"transfer"
276,160,"transfer"
276,208,"transfer"
276,631,"transfer"
276,66,"transfer"
276,258,"transfer"
277,330,"transfer"
277,519,"transfer"
277,290,"transfer"
277,793,"transfer"
277,243,"transfer"
278,970,"transfer"
278,600,"transfer"
278,294,"transfer"
278,166,"transfer"
278,627,"transfer"
279,934,"transfer"
279,627,"transfer"
279,920,"transfer"
279,620,"transfer"
279,310,"transfer"
280,596,"transfer"
280,205,"transfer"
280,273,"transfer"
280,12,"transfer"
280,612,"transfer"
281,400,"transfer"
281,675,"transfer"
281,845,"transfer"
281,803,"transfer"
281,642,"transfer"
282,466,"transfer"
282,178,"transfer"
282,974,"transfer"
282,309,"transfer"
282,678,"transfer"
283,584,"transfer"
283,934,"transfer"
283,299,"transfer"
283,414,"transfer"
283,327,"transfer"
284,772,"transfer"
284,102,"transfer"
284,920,"transfer"
284,640,"transfer"
284,454,"transfer"
285,59,"transfer"
285,628,"transfer"
285,443,"transfer"
285,534,"transfer"
285,293,"transfer"
286,548,"transfer"
286,926,"transfer"
286,933,"transfer"
286,150,"transfer"
286,57,"transfer"
287,144,"transfer"
287,279,"transfer"
287,571,"transfer"
287,536,"transfer"
287,403,"transfer"
288,137,"transfer"
288,525,"transfer"
288,570,"transfer"
288,169,"transfer"
288,826,"transfer"
289,796,"transfer"
289,970,"transfer"
289,674,"transfer"
289,12,"transfer"
289,843,"transfer"
290,860,"transfer"
290,219,"transfer"
290,397,"transfer"
290,109,"transfer"
290,159,"transfer"
291,835,"transfer"
291,981,"transfer"
291,311,"transfer"
291,317,"transfer"
291,373,"transfer"
292,800,"transfer"
292,24,"transfer"
292,831,"transfer"
292,672,"transfer"
292,597,"transfer"
293,454,"transfer"
293,559,"transfer"
293,559,"transfer"
293,734,"transfer"
293,13,"transfer"
294,480,"transfer"
294,123,"transfer"
294,743,"transfer"
294,619,"transfer"
294,875,"transfer"
295,223,"transfer"
295,851,"transfer"
295,524,"transfer"
295,642,"transfer"
295,313,"transfer"
296,751,"transfer"
296,301,"transfer"
296,242,"transfer"
296,365,"transfer"
296,724,"transfer"
297,495,"transfer"
297,397,"transfer"
297,534,"transfer"
297,120,"transfer"
297,66,"transfer"
298,950,"transfer"
298,621,"transfer"
298,666,"transfer"
298,973,"transfer"
298,515,"transfer"
299,634,"transfer"
299,187,"transfer"
299,842,"transfer"
299,892,"transfer"
299,639,"transfer"
300,91,"transfer"
300,57,"transfer"
300,225,"transfer"
300,324,"transfer"
300,743,"transfer"
301,844,"transfer"
301,463,"transfer"
301,730,"transfer"
301,13,"transfer"
301,149,"transfer"
302,934,"transfer"
302,301,"transfer"
302,135,"transfer"
302,439,"transfer"
302,710,"transfer"
303,519,"transfer"
303,219,"transfer"
303,54,"transfer"
303,495,"transfer"
303,388,"transfer"
304,506,"transfer"
304,184,"transfer"
304,837,"transfer"
304,795,"transfer"
304,299,"transfer"
305,188,"transfer"
305,685,"transfer"
305,842,"transfer"
305,448,"transfer"
305,112,"transfer"
306,444,"transfer"
306,621,"transfer"
306,584,"transfer"
306,228,"transfer"
306,282,"transfer"
307,970,"transfer"
307,640,"transfer"
307,292,"transfer"
307,481,"transfer"
307,294,"transfer"
308,188,"transfer"
308,53,"transfer"
308,310,"transfer"
308,130,"transfer"
308,433,"transfer"
309,468,"transfer"
309,892,"transfer"
309,150,"transfer"
309,38,"transfer"
309,584,"transfer"
310,811,"transfer"
310,901,"transfer"
310,781,"transfer"
310,534,"transfer"
310,524,"transfer"
311,918,"transfer"
311,892,"transfer"
311,27,"transfer"
311,377,"transfer"
311,380,"transfer"
312,595,"transfer"
312,138,"transfer"
312,301,"transfer"
312,186,"transfer"
312,666,"transfer"
313,352,"transfer"
313,759,"transfer"
313,406,"transfer"
313,934,"transfer"
313,693,"transfer"
314,187,"transfer"
314,317,"transfer"
314,145,"transfer"
314,804,"transfer"
314,856,"transfer"
315,222,"transfer"
315,281,"transfer"
315,226,"transfer"
315,973,"transfer"
315,613,"transfer"
316,944,"transfer"
316,720,"transfer"
316,8,"transfer"
316,131,"transfer"
316,624,"transfer"
317,890,"transfer"
317,557,"transfer"
317,356,"transfer"
317,65,"transfer"
317,242,"transfer"
318,413,"transfer"
318,836,"transfer"
318,29,"transfer"
318,566,"transfer"
318,294,"transfer"
319,463,"transfer"
319,118,"transfer"
319,592,"transfer"
319,835,"transfer"
319,600,"transfer"
320,535,"transfer"
320,183,"transfer"
320,308,"transfer"
320,117,"transfer"
320,273,"transfer"
321,259,"transfer"
321,713,"transfer"
321,361,"transfer"
321,571,"transfer"
321,929,"transfer"
322,847,"transfer"
322,301,"transfer"
322,804,"transfer"
322,101,"transfer"
322,353,"transfer"
323,63,"transfer"
323,249,"transfer"
323,505,"transfer"
323,462,"transfer"
323,534,"transfer"
324,906,"transfer"
324,532,"transfer"
324,182,"transfer"
324,211,"transfer"
324,348,"transfer"
325,871,"transfer"
325,740,"transfer"
325,934,"transfer"
325,877,"transfer"
325,222,"transfer"
326,337,"transfer"
326,905,"transfer"
326,232,"transfer"
326,532,"transfer"
326,996,"transfer"
327,555,"transfer"
327,237,"transfer"
327,804,"transfer"
327,204,"transfer"
327,365,"transfer"
328,642,"transfer"
328,264,"transfer"
328,751,"transfer"
328,222,"transfer"
328,365,"transfer"
329,671,"transfer"
329,380,"transfer"
329,541,"transfer"
329,502,"transfer"
329,263,"transfer"
330,29,"transfer"
330,999,"transfer"
330,559,"transfer"
330,491,"transfer"
330,212,"transfer"
331,134,"transfer"
331,166,"transfer"
331,345,"transfer"
331,23,"transfer"
331,903,"transfer"
332,325,"transfer"
332,125,"transfer"
332,387,"transfer"
332,596,"transfer"
332,297,"transfer"
333,276,"transfer"
333,501,"transfer"
333,356,"transfer"
333,918,"transfer"
333,647,"transfer"
334,918,"transfer"
334,95,"transfer"
334,837,"transfer"
334,317,"transfer"
334,955,"transfer"
335,190,"transfer"
335,230,"transfer"
335,846,"transfer"
335,222,"transfer"
335,590,"transfer"
336,272,"transfer"
336,181,"transfer"
336,309,"transfer"
336,920,"transfer"
336,222,"transfer"
337,560,"transfer"
337,152,"transfer"
337,561,"transfer"
337,373,"transfer"
337,130,"transfer"
338,528,"transfer"
338,448,"transfer"
338,556,"transfer"
338,614,"transfer"
338,648,"transfer"
339,187,"transfer"
339,172,"transfer"
339,95,"transfer"
339,891,"transfer"
339,782,"transfer"
340,200,"transfer"
340,122,"transfer"
340,962,"transfer"
340,261,"transfer"
340,385,"transfer"
341,387,"transfer"
341,242,"transfer"
341,883,"transfer"
341,313,"transfer"
341,439,"transfer"
342,371,"transfer"
342,467,"transfer"
342,872,"transfer"
342,685,"transfer"
342,971,"transfer"
343,369,"transfer"
343,218,"transfer"
343,287,"transfer"
343,674,"transfer"
343,729,"transfer"
344,928,"transfer"
344,607,"transfer"
344,942,"transfer"
344,154,"transfer"
344,791,"transfer"
345,352,"transfer"
345,380,"transfer"
345,710,"transfer"
345,807,"transfer"
345,127,"transfer"
346,627,"transfer"
346,279,"transfer"
346,772,"transfer"
346,143,"transfer"
346,478,"transfer"
347,481,"transfer"
347,165,"transfer"
347,330,"transfer"
347,982,"transfer"
347,397,"transfer"
348,734,"transfer"
348,861,"transfer"
348,177,"transfer"
348,313,"transfer"
348,614,"transfer"
349,888,"transfer"
349,805,"transfer"
349,944,"transfer"
349,491,"transfer"
349,850,"transfer"
350,823,"transfer"
350,975,"transfer"
350,884,"transfer"
350,518,"transfer"
350,926,"transfer"
351,571,"transfer"
351,317,"transfer"
351,221,"transfer"
351,693,"transfer"
351,241,"transfer"
352,321,"transfer"
352,130,"transfer"
352,767,"transfer"
352,640,"transfer"
352,582,"transfer"
353,690,"transfer"
353,394,"transfer"
353,2,"transfer"
353,944,"transfer"
353,800,"transfer"
354,646,"transfer"
354,865,"transfer"
354,95,"transfer"
354,851,"transfer"
354,981,"transfer"
355,941,"transfer"
355,569,"transfer"
355,124,"transfer"
355,576,"transfer"
355,813,"transfer"
356,49,"transfer"
356,533,"transfer"
356,998,"transfer"
356,102,"transfer"
356,934,"transfer"
357,578,"transfer"
357,276,"transfer"
357,597,"transfer"
357,101,"transfer"
357,205,"transfer"
358,378,"transfer"
358,544,"transfer"
358,648,"transfer"
358,808,"transfer"
358,669,"transfer"
359,222,"transfer"
359,631,"transfer"
359,606,"transfer"
359,579,"transfer"
359,310,"transfer"
360,746,"transfer"
360,553,"transfer"
360,233,"transfer"
360,971,"transfer"
360,844,"transfer"
361,71,"transfer"
361,772,"transfer"
361,58,"transfer"
361,509,"transfer"
361,883,"transfer"
362,187,"transfer"
362,101,"transfer"
362,274,"transfer"
362,431,"transfer"
362,179,"transfer"
363,56,"transfer"
363,973,"transfer"
363,135,"transfer"
363,745,"transfer"
363,600,"transfer"
364,840,"transfer"
364,934,"transfer"
364,720,"transfer"
364,301,"transfer"
364,211,"transfer"
365,165,"transfer"
365,146,"transfer"
365,937,"transfer"
365,939,"transfer"
365,662,"transfer"
366,871,"transfer"
366,222,"transfer"
366,387,"transfer"
366,412,"transfer"
366,49,"transfer"
367,463,"transfer"
367,40,"transfer"
367,310,"transfer"
367,856,"transfer"
367,330,"transfer"
368,495,"transfer"
368,641,"transfer"
368,694,"transfer"
368,373,"transfer"
368,774,"transfer"
369,138,"transfer"
369,799,"transfer"
369,466,"transfer"
369,788,"transfer"
369,456,"transfer"
370,348,"transfer"
370,4,"transfer"
370,356,"transfer"
370,413,"transfer"
370,674,"transfer"
371,144,"transfer"
371,136,"transfer"
371,740,"transfer"
371,122,"transfer"
371,800,"transfer"
372,939,"transfer"
372,645,"transfer"
372,140,"transfer"
372,283,"transfer"
372,155,"transfer"
373,71,"transfer"
373,920,"transfer"
373,975,"transfer"
373,875,"transfer"
373,394,"transfer"
374,897,"transfer"
374,624,"transfer"
374,297,"transfer"
374,297,"transfer"
374,406,"transfer"
375,225,"transfer"
375,656,"transfer"
375,314,"transfer"
375,771,"transfer"
375,881,"transfer"
376,311,"transfer"
376,606,"transfer"
376,321,"transfer"
376,396,"transfer"
376,325,"transfer"
377,642,"transfer"
377,767,"transfer"
377,94,"transfer"
377,63,"transfer"
377,418,"transfer"
378,831,"transfer"
378,674,"transfer"
378,222,"transfer"
378,332,"transfer"
378,475,"transfer"
379,528,"transfer"
379,293,"transfer"
379,45,"transfer"
379,333,"transfer"
379,340,"transfer"
380,383,"transfer"
380,624,"transfer"
380,921,"transfer"
380,910,"transfer"
380,835,"transfer"
381,797,"transfer"
381,340,"transfer"
381,403,"transfer"
381,458,"transfer"
381,451,"transfer"
382,877,"transfer"
382,566,"transfer"
382,790,"transfer"
382,340,"transfer"
382,734,"transfer"
383,790,"transfer"
383,325,"transfer"
383,480,"transfer"
383,454,"transfer"
383,904,"transfer"
384,297,"transfer"
384,988,"transfer"
384,295,"transfer"
384,826,"transfer"
384,418,"transfer"
385,447,"transfer"
385,22,"transfer"
385,758,"transfer"
385,524,"transfer"
385,210,"transfer"
386,481,"transfer"
386,400,"transfer"
386,448,"transfer"
386,897,"transfer"
386,988,"transfer"
387,577,"transfer"
387,867,"transfer"
387,998,"transfer"
387,188,"transfer"
387,374,"transfer"
388,884,"transfer"
388,231,"transfer"
388,274,"transfer"
388,332,"transfer"
388,129,"transfer"
389,465,"transfer"
389,8,"transfer"
389,511,"transfer"
389,764,"transfer"
389,596,"transfer"
390,217,"transfer"
390,743,"transfer"
390,790,"transfer"
390,707,"transfer"
390,681,"transfer"
391,259,"transfer"
391,865,"transfer"
391,4,"transfer"
391,405,"transfer"
391,998,"transfer"
392,202,"transfer"
392,456,"transfer"
392,91,"transfer"
392,207,"transfer"
392,78,"transfer"
393,534,"transfer"
393,534,"transfer"
393,297,"transfer"
393,146,"transfer"
393,891,"transfer"
394,756,"transfer"
394,186,"transfer"
394,560,"transfer"
394,575,"transfer"
394,259,"transfer"
395,801,"transfer"
395,394,"transfer"
395,646,"transfer"
395,762,"transfer"
395,565,"transfer"
396,447,"transfer"
396,697,"transfer"
396,203,"transfer"
396,387,"transfer"
396,180,"transfer"
397,71,"transfer"
397,584,"transfer"
397,382,"transfer"
397,716,"transfer"
397,325,"transfer"
398,642,"transfer"
398,258,"transfer"
398,596,"transfer"
398,548,"transfer"
398,284,"transfer"
399,874,"transfer"
399,165,"transfer"
399,365,"transfer"
399,934,"transfer"
399,490,"transfer"
400,387,"transfer"
400,89,"transfer"
400,281,"transfer"
400,203,"transfer"
400,359,"transfer"
401,740,"transfer"
401,350,"transfer"
401,411,"transfer"
401,572,"transfer"
401,928,"transfer"
402,330,"transfer"
402,118,"transfer"
402,634,"transfer"
402,473,"transfer"
402,493,"transfer"
403,759,"transfer"
403,135,"transfer"
403,381,"transfer"
403,263,"transfer"
403,644,"transfer"
404,171,"transfer"
404,480,"transfer"
404,25,"transfer"
404,133,"transfer"
404,562,"transfer"
405,250,"transfer"
405,185,"transfer"
405,784,"transfer"
405,141,"transfer"
405,746,"transfer"
406,352,"transfer"
406,884,"transfer"
406,397,"transfer"
406,66,"transfer"
406,674,"transfer"
407,754,"transfer"
407,397,"transfer"
407,589,"transfer"
407,714,"transfer"
407,153,"transfer"
408,153,"transfer"
408,380,"transfer"
408,900,"transfer"
408,904,"transfer"
408,759,"transfer"
409,140,"transfer"
409,123,"transfer"
409,144,"transfer"
409,145,"transfer"
409,31,"transfer"
410,528,"transfer"
410,920,"transfer"
410,664,"transfer"
410,531,"transfer"
410,751,"transfer"
411,29,"transfer"
411,607,"transfer"
411,179,"transfer"
411,59,"transfer"
411,566,"transfer"
412,884,"transfer"
412,13,"transfer"
412,131,"transfer"
412,231,"transfer"
412,404,"transfer"
413,837,"transfer"
413,975,"transfer"
413,870,"transfer"
413,269,"transfer"
413,606,"transfer"
414,184,"transfer"
414,942,"transfer"
414,104,"transfer"
414,236,"transfer"
414,411,"transfer"
415,693,"transfer"
415,975,"transfer"
415,394,"transfer"
415,314,"transfer"
415,284,"transfer"
416,595,"transfer"
416,129,"transfer"
416,635,"transfer"
416,634,"transfer"
416,443,"transfer"
417,978,"transfer"
417,274,"transfer"
417,836,"transfer"
417,590,"transfer"
417,188,"transfer"
418,646,"transfer"
418,207,"transfer"
418,380,"transfer"
418,261,"transfer"
418,270,"transfer"
419,340,"transfer"
419,76,"transfer"
419,821,"transfer"
419,920,"transfer"
419,919,"transfer"
420,625,"transfer"
420,305,"transfer"
420,245,"transfer"
420,532,"transfer"
420,204,"transfer"
421,738,"transfer"
421,644,"transfer"
421,737,"transfer"
421,627,"transfer"
421,131,"transfer"
422,77,"transfer"
422,937,"transfer"
422,872,"transfer"
422,884,"transfer"
422,649,"transfer"
423,609,"transfer"
423,387,"transfer"
423,230,"transfer"
423,942,"transfer"
423,842,"transfer"
424,188,"transfer"
424,210,"transfer"
424,310,"transfer"
424,417,"transfer"
424,931,"transfer"
425,352,"transfer"
425,123,"transfer"
425,975,"transfer"
425,479,"transfer"
425,385,"transfer"
426,168,"transfer"
426,648,"transfer"
426,561,"transfer"
426,242,"transfer"
426,10,"transfer"
427,518,"transfer"
427,805,"transfer"
427,236,"transfer"
427,163,"transfer"
427,460,"transfer"
428,109,"transfer"
428,248,"transfer"
428,463,"transfer"
428,53,"transfer"
428,222,"transfer"
429,665,"transfer"
429,3,"transfer"
429,493,"transfer"
429,672,"transfer"
429,166,"transfer"
430,448,"transfer"
430,387,"transfer"
430,746,"transfer"
430,746,"transfer"
430,156,"transfer"
431,169,"transfer"
431,565,"transfer"
431,791,"transfer"
431,37,"transfer"
431,871,"transfer"
432,745,"transfer"
432,589,"transfer"
432,523,"transfer"
432,49,"transfer"
432,875,"transfer"
433,99,"transfer"
433,138,"transfer"
433,593,"transfer"
433,659,"transfer"
433,642,"transfer"
434,610,"transfer"
434,597,"transfer"
434,469,"transfer"
434,411,"transfer"
434,836,"transfer"
435,301,"transfer"
435,802,"transfer"
435,365,"transfer"
435,962,"transfer"
435,96,"transfer"
436,124,"transfer"
436,495,"transfer"
436,131,"transfer"
436,330,"transfer"
436,46,"transfer"
437,76,"transfer"
437,264,"transfer"
437,366,"transfer"
437,494,"transfer"
437,600,"transfer"
438,984,"transfer"
438,380,"transfer"
438,916,"transfer"
438,342,"transfer"
438,514,"transfer"
439,301,"transfer"
439,286,"transfer"
439,510,"transfer"
439,279,"transfer"
439,781,"transfer"
440,306,"transfer"
440,535,"transfer"
440,359,"transfer"
440,865,"transfer"
440,716,"transfer"
441,981,"transfer"
441,623,"transfer"
441,921,"transfer"
441,748,"transfer"
441,273,"transfer"
442,614,"transfer"
442,202,"transfer"
442,282,"transfer"
442,231,"transfer"
442,884,"transfer"
443,335,"transfer"
443,745,"transfer"
443,458,"transfer"
443,640,"transfer"
443,992,"transfer"
444,552,"transfer"
444,185,"transfer"
444,797,"transfer"
444,830,"transfer"
444,848,"transfer"
445,404,"transfer"
445,265,"transfer"
445,334,"transfer"
445,919,"transfer"
445,10,"transfer"
446,284,"transfer"
446,24,"transfer"
446,936,"transfer"
446,27,"transfer"
446,348,"transfer"
447,297,"transfer"
447,205,"transfer"
447,749,"transfer"
447,837,"transfer"
447,104,"transfer"
448,724,"transfer"
448,570,"transfer"
448,296,"transfer"
448,406,"transfer"
448,250,"transfer"
449,308,"transfer"
449,519,"transfer"
449,29,"transfer"
449,352,"transfer"
449,461,"transfer"
450,728,"transfer"
450,193,"transfer"
450,721,"transfer"
450,662,"transfer"
450,690,"transfer"
451,109,"transfer"
451,646,"transfer"
451,221,"transfer"
451,321,"transfer"
451,178,"transfer"
452,920,"transfer"
452,258,"transfer"
452,644,"transfer"
452,787,"transfer"
452,853,"transfer"
453,565,"transfer"
453,535,"transfer"
453,666,"transfer"
453,807,"transfer"
453,534,"transfer"
454,130,"transfer"
454,299,"transfer"
454,751,"transfer"
454,268,"transfer"
454,481,"transfer"
455,258,"transfer"
455,418,"transfer"
455,181,"transfer"
455,801,"transfer"
455,403,"transfer"
456,207,"transfer"
456,222,"transfer"
456,904,"transfer"
456,348,"transfer"
456,756,"transfer"
457,123,"transfer"
457,326,"transfer"
457,672,"transfer"
457,62,"transfer"
457,597,"transfer"
458,710,"transfer"
458,878,"transfer"
458,609,"transfer"
458,549,"transfer"
458,929,"transfer"
459,823,"transfer"
459,550,"transfer"
459,646,"transfer"
459,718,"transfer"
459,272,"transfer"
460,91,"transfer"
460,746,"transfer"
460,761,"transfer"
460,99,"transfer"
460,830,"transfer"
461,50,"transfer"
461,299,"transfer"
461,892,"transfer"
461,301,"transfer"
461,479,"transfer"
462,254,"transfer"
462,501,"transfer"
462,955,"transfer"
462,681,"transfer"
462,134,"transfer"
463,299,"transfer"
463,778,"transfer"
463,918,"transfer"
463,287,"transfer"
463,71,"transfer"
464,719,"transfer"
464,795,"transfer"
464,332,"transfer"
464,330,"transfer"
464,48,"transfer"
465,579,"transfer"
465,396,"transfer"
465,867,"transfer"
465,211,"transfer"
465,448,"transfer"
466,666,"transfer"
466,536,"transfer"
466,192,"transfer"
466,817,"transfer"
466,24,"transfer"
467,813,"transfer"
467,259,"transfer"
467,881,"transfer"
467,794,"transfer"
467,871,"transfer"
468,707,"transfer"
468,187,"transfer"
468,264,"transfer"
468,373,"transfer"
468,129,"transfer"
469,727,"transfer"
469,877,"transfer"
469,674,"transfer"
469,699,"transfer"
469,314,"transfer"
470,233,"transfer"
470,123,"transfer"
470,192,"transfer"
470,806,"transfer"
470,579,"transfer"
471,225,"transfer"
471,979,"transfer"
471,665,"transfer"
471,843,"transfer"
471,478,"transfer"
472,443,"transfer"
472,891,"transfer"
472,258,"transfer"
472,259,"transfer"
472,601,"transfer"
473,261,"transfer"
473,406,"transfer"
473,825,"transfer"
473,589,"transfer"
473,343,"transfer"
474,536,"transfer"
474,819,"transfer"
474,54,"transfer"
474,746,"transfer"
474,795,"transfer"
475,502,"transfer"
475,348,"transfer"
475,181,"transfer"
475,101,"transfer"
475,746,"transfer"
476,920,"transfer"
476,920,"transfer"
476,569,"transfer"
476,439,"transfer"
476,348,"transfer"
477,342,"transfer"
477,423,"transfer"
477,70,"transfer"
477,388,"transfer"
477,524,"transfer"
478,514,"transfer"
478,578,"transfer"
478,942,"transfer"
478,374,"transfer"
478,473,"transfer"
479,525,"transfer"
479,793,"transfer"
479,293,"transfer"
479,165,"transfer"
479,672,"transfer"
480,49,"transfer"
480,130,"transfer"
480,569,"transfer"
480,284,"transfer"
480,317,"transfer"
481,879,"transfer"
481,25,"transfer"
481,681,"transfer"
481,929,"transfer"
481,255,"transfer"
482,384,"transfer"
482,728,"transfer"
482,561,"transfer"
482,957,"transfer"
482,707,"transfer"
483,460,"transfer"
483,301,"transfer"
483,674,"transfer"
483,161,"transfer"
483,737,"transfer"
484,584,"transfer"
484,27,"transfer"
484,127,"transfer"
484,934,"transfer"
484,583,"transfer"
485,380,"transfer"
485,310,"transfer"
485,801,"transfer"
485,815,"transfer"
485,764,"transfer"
486,565,"transfer"
486,625,"transfer"
486,313,"transfer"
486,223,"transfer"
486,874,"transfer"
487,514,"transfer"
487,934,"transfer"
487,49,"transfer"
487,413,"transfer"
487,529,"transfer"
488,656,"transfer"
488,28,"transfer"
488,876,"transfer"
488,968,"transfer"
488,746,"transfer"
489,78,"transfer"
489,551,"transfer"
489,255,"transfer"
489,256,"transfer"
489,601,"transfer"
490,95,"transfer"
490,71,"transfer"
490,644,"transfer"
490,350,"transfer"
490,340,"transfer"
491,740,"transfer"
491,606,"transfer"
491,114,"transfer"
491,202,"transfer"
491,221,"transfer"
492,284,"transfer"
492,131,"transfer"
492,285,"transfer"
492,31,"transfer"
492,716,"transfer"
493,840,"transfer"
493,60,"transfer"
493,294,"transfer"
493,135,"transfer"
493,348,"transfer"
494,228,"transfer"
494,439,"transfer"
494,745,"transfer"
494,159,"transfer"
494,592,"transfer"
495,567,"transfer"
495,788,"transfer"
495,340,"transfer"
495,754,"transfer"
495,144,"transfer"
496,548,"transfer"
496,740,"transfer"
496,729,"transfer"
496,625,"transfer"
496,223,"transfer"
497,42,"transfer"
497,693,"transfer"
497,480,"transfer"
497,971,"transfer"
497,837,"transfer"
498,613,"transfer"
498,406,"transfer"
498,461,"transfer"
498,138,"transfer"
498,4,"transfer"
499,707,"transfer"
499,285,"transfer"
499,757,"transfer"
499,676,"transfer"
499,812,"transfer"
500,931,"transfer"
500,491,"transfer"
500,80,"transfer"
500,19,"transfer"
500,737,"transfer"
501,205,"transfer"
501,339,"transfer"
501,850,"transfer"
501,403,"transfer"
501,666,"transfer"
502,668,"transfer"
502,893,"transfer"
502,330,"transfer"
502,203,"transfer"
502,380,"transfer"
503,787,"transfer"
503,996,"transfer"
503,921,"transfer"
503,824,"transfer"
503,714,"transfer"
504,473,"transfer"
504,589,"transfer"
504,443,"transfer"
504,57,"transfer"
504,570,"transfer"
505,968,"transfer"
505,20,"transfer"
505,228,"transfer"
505,576,"transfer"
505,60,"transfer"
506,518,"transfer"
506,592,"transfer"
506,872,"transfer"
506,348,"transfer"
506,532,"transfer"
507,840,"transfer"
507,91,"transfer"
507,154,"transfer"
507,860,"transfer"
507,818,"transfer"
508,670,"transfer"
508,38,"transfer"
508,317,"transfer"
508,47,"transfer"
508,204,"transfer"
509,726,"transfer"
509,673,"transfer"
509,299,"transfer"
509,984,"transfer"
509,340,"transfer"
510,803,"transfer"
510,600,"transfer"
510,956,"transfer"
510,63,"transfer"
510,67,"transfer"
511,387,"transfer"
511,27,"transfer"
511,473,"transfer"
511,122,"transfer"
511,514,"transfer"
512,576,"transfer"
512,71,"transfer"
512,167,"transfer"
512,91,"transfer"
512,687,"transfer"
513,527,"transfer"
513,167,"transfer"
513,844,"transfer"
513,509,"transfer"
513,553,"transfer"
514,932,"transfer"
514,564,"transfer"
514,208,"transfer"
514,187,"transfer"
514,294,"transfer"
515,551,"transfer"
515,317,"transfer"
515,403,"transfer"
515,643,"transfer"
515,351,"transfer"
516,519,"transfer"
516,225,"transfer"
516,510,"transfer"
516,301,"transfer"
516,412,"transfer"
517,494,"transfer"
517,338,"transfer"
517,810,"transfer"
517,998,"transfer"
517,327,"transfer"
518,151,"transfer"
518,159,"transfer"
518,301,"transfer"
518,135,"transfer"
518,485,"transfer"
519,325,"transfer"
519,727,"transfer"
519,581,"transfer"
519,293,"transfer"
519,380,"transfer"
520,758,"transfer"
520,881,"transfer"
520,693,"transfer"
520,636,"transfer"
520,872,"transfer"
521,892,"transfer"
521,649,"transfer"
521,899,"transfer"
521,331,"transfer"
521,186,"transfer"
522,164,"transfer"
522,310,"transfer"
522,823,"transfer"
522,746,"transfer"
522,939,"transfer"
523,135,"transfer"
523,330,"transfer"
523,536,"transfer"
523,830,"transfer"
523,765,"transfer"
524,213,"transfer"
524,463,"transfer"
524,579,"transfer"
524,330,"transfer"
524,469,"transfer"
525,518,"transfer"
525,707,"transfer"
525,2,"transfer"
525,57,"transfer"
525,642,"transfer"
526,867,"transfer"
526,120,"transfer"
526,769,"transfer"
526,942,"transfer"
526,942,"transfer"
527,29,"transfer"
527,7,"transfer"
527,233,"transfer"
527,246,"transfer"
527,175,"transfer"
528,360,"transfer"
528,934,"transfer"
528,271,"transfer"
528,259,"transfer"
528,569,"transfer"
529,253,"transfer"
529,302,"transfer"
529,155,"transfer"
529,350,"transfer"
529,420,"transfer"
530,310,"transfer"
530,831,"transfer"
530,330,"transfer"
530,519,"transfer"
530,418,"transfer"
531,595,"transfer"
531,872,"transfer"
531,80,"transfer"
531,842,"transfer"
531,78,"transfer"
532,66,"transfer"
532,123,"transfer"
532,259,"transfer"
532,886,"transfer"
532,241,"transfer"
533,177,"transfer"
533,91,"transfer"
533,625,"transfer"
533,576,"transfer"
533,184,"transfer"
534,406,"transfer"
534,359,"transfer"
534,35,"transfer"
534,332,"transfer"
534,944,"transfer"
535,480,"transfer"
535,737,"transfer"
535,297,"transfer"
535,303,"transfer"
535,729,"transfer"
536,962,"transfer"
536,921,"transfer"
536,480,"transfer"
536,625,"transfer"
536,218,"transfer"
537,493,"transfer"
537,89,"transfer"
537,867,"transfer"
537,872,"transfer"
537,524,"transfer"
538,842,"transfer"
538,481,"transfer"
538,242,"transfer"
538,726,"transfer"
538,53,"transfer"
539,690,"transfer"
539,294,"transfer"
539,734,"transfer"
539,646,"transfer"
539,756,"transfer"
540,624,"transfer"
540,559,"transfer"
540,850,"transfer"
540,986,"transfer"
540,566,"transfer"
541,301,"transfer"
541,646,"transfer"
541,519,"transfer"
541,271,"transfer"
541,274,"transfer"
542,439,"transfer"
542,904,"transfer"
542,666,"transfer"
542,284,"transfer"
542,469,"transfer"
543,646,"transfer"
543,691,"transfer"
543,691,"transfer"
543,299,"transfer"
543,292,"transfer"
544,229,"transfer"
544,459,"transfer"
544,117,"transfer"
544,228,"transfer"
544,520,"transfer"
545,762,"transfer"
545,323,"transfer"
545,454,"transfer"
545,349,"transfer"
545,939,"transfer"
546,976,"transfer"
546,521,"transfer"
546,42,"transfer"
546,380,"transfer"
546,843,"transfer"
547,4,"transfer"
547,811,"transfer"
547,934,"transfer"
547,300,"transfer"
547,12,"transfer"
548,742,"transfer"
548,559,"transfer"
548,13,"transfer"
548,986,"transfer"
548,444,"transfer"
549,931,"transfer"
549,685,"transfer"
549,301,"transfer"
549,690,"transfer"
549,860,"transfer"
550,903,"transfer"
550,274,"transfer"
550,412,"transfer"
550,326,"transfer"
550,560,"transfer"
551,534,"transfer"
551,359,"transfer"
551,697,"transfer"
551,850,"transfer"
551,765,"transfer"
552,466,"transfer"
552,461,"transfer"
552,95,"transfer"
552,380,"transfer"
552,94,"transfer"
553,532,"transfer"
553,440,"transfer"
553,603,"transfer"
553,772,"transfer"
553,694,"transfer"
554,161,"transfer"
554,467,"transfer"
554,305,"transfer"
554,128,"transfer"
554,420,"transfer"
555,197,"transfer"
555,397,"transfer"
555,850,"transfer"
555,439,"transfer"
555,932,"transfer"
556,807,"transfer"
556,646,"transfer"
556,651,"transfer"
556,41,"transfer"
556,236,"transfer"
557,565,"transfer"
557,279,"transfer"
557,640,"transfer"
557,9,"transfer"
557,448,"transfer"
558,728,"transfer"
558,524,"transfer"
558,406,"transfer"
558,245,"transfer"
558,332,"transfer"
559,373,"transfer"
559,223,"transfer"
559,361,"transfer"
559,867,"transfer"
559,171,"transfer"
560,387,"transfer"
560,499,"transfer"
560,118,"transfer"
560,325,"transfer"
560,640,"transfer"
561,109,"transfer"
561,138,"transfer"
561,716,"transfer"
561,233,"transfer"
561,350,"transfer"
562,98,"transfer"
562,83,"transfer"
562,313,"transfer"
562,403,"transfer"
562,632,"transfer"
563,289,"transfer"
563,458,"transfer"
563,552,"transfer"
563,746,"transfer"
563,938,"transfer"
564,276,"transfer"
564,440,"transfer"
564,871,"transfer"
564,724,"transfer"
564,504,"transfer"
565,783,"transfer"
565,624,"transfer"
565,831,"transfer"
565,187,"transfer"
565,89,"transfer"
566,521,"transfer"
566,180,"transfer"
566,406,"transfer"
566,320,"transfer"
566,78,"transfer"
567,929,"transfer"
567,403,"transfer"
567,91,"transfer"
567,858,"transfer"
567,495,"transfer"
568,287,"transfer"
568,541,"transfer"
568,304,"transfer"
568,124,"transfer"
568,334,"transfer"
569,542,"transfer"
569,89,"transfer"
569,535,"transfer"
569,743,"transfer"
569,56,"transfer"
570,775,"transfer"
570,301,"transfer"
570,403,"transfer"
570,610,"transfer"
570,768,"transfer"
571,627,"transfer"
571,627,"transfer"
571,827,"transfer"
571,725,"transfer"
571,320,"transfer"
572,534,"transfer"
572,492,"transfer"
572,955,"transfer"
572,243,"transfer"
572,387,"transfer"
573,243,"transfer"
573,420,"transfer"
573,54,"transfer"
573,59,"transfer"
573,707,"transfer"
574,166,"transfer"
574,644,"transfer"
574,645,"transfer"
574,89,"transfer"
574,352,"transfer"
575,275,"transfer"
575,261,"transfer"
575,439,"transfer"
575,171,"transfer"
575,691,"transfer"
576,839,"transfer"
576,534,"transfer"
576,605,"transfer"
576,153,"transfer"
576,901,"transfer"
577,678,"transfer"
577,675,"transfer"
577,970,"transfer"
577,693,"transfer"
577,439,"transfer"
578,901,"transfer"
578,226,"transfer"
578,919,"transfer"
578,831,"transfer"
578,551,"transfer"
579,784,"transfer"
579,904,"transfer"
579,76,"transfer"
579,797,"transfer"
579,650,"transfer"
580,752,"transfer"
580,82,"transfer"
580,529,"transfer"
580,299,"transfer"
580,225,"transfer"
581,228,"transfer"
581,41,"transfer"
581,767,"transfer"
581,273,"transfer"
581,252,"transfer"
582,534,"transfer"
582,623,"transfer"
582,616,"transfer"
582,499,"transfer"
582,850,"transfer"
583,130,"transfer"
583,4,"transfer"
583,49,"transfer"
583,325,"transfer"
583,555,"transfer"
584,821,"transfer"
584,13,"transfer"
584,276,"transfer"
584,542,"transfer"
584,211,"transfer"
585,856,"transfer"
585,287,"transfer"
585,981,"transfer"
585,538,"transfer"
585,640,"transfer"
586,897,"transfer"
586,644,"transfer"
586,387,"transfer"
586,154,"transfer"
586,154,"transfer"
587,78,"transfer"
587,463,"transfer"
587,403,"transfer"
587,756,"transfer"
587,50,"transfer"
588,640,"transfer"
588,850,"transfer"
588,752,"transfer"
588,317,"transfer"
588,604,"transfer"
589,248,"transfer"
589,259,"transfer"
589,702,"transfer"
589,535,"transfer"
589,228,"transfer"
590,850,"transfer"
590,529,"transfer"
590,962,"transfer"
590,109,"transfer"
590,241,"transfer"
591,138,"transfer"
591,181,"transfer"
591,889,"transfer"
591,273,"transfer"
591,380,"transfer"
592,764,"transfer"
592,980,"transfer"
592,394,"transfer"
592,204,"transfer"
592,934,"transfer"
593,920,"transfer"
593,175,"transfer"
593,521,"transfer"
593,918,"transfer"
593,881,"transfer"
594,417,"transfer"
594,534,"transfer"
594,559,"transfer"
594,793,"transfer"
594,231,"transfer"
595,441,"transfer"
595,840,"transfer"
595,835,"transfer"
595,164,"transfer"
595,459,"transfer"
596,921,"transfer"
596,595,"transfer"
596,78,"transfer"
596,975,"transfer"
596,481,"transfer"
597,330,"transfer"
597,348,"transfer"
597,136,"transfer"
597,57,"transfer"
597,166,"transfer"
598,962,"transfer"
598,330,"transfer"
598,981,"transfer"
598,306,"transfer"
598,626,"transfer"
599,672,"transfer"
599,959,"transfer"
599,670,"transfer"
599,77,"transfer"
599,887,"transfer"
600,921,"transfer"
600,559,"transfer"
600,926,"transfer"
600,414,"transfer"
600,794,"transfer"
601,225,"transfer"
601,181,"transfer"
601,804,"transfer"
601,535,"transfer"
601,73,"transfer"
602,738,"transfer"
602,595,"transfer"
602,651,"transfer"
602,814,"transfer"
602,804,"transfer"
603,934,"transfer"
603,392,"transfer"
603,728,"transfer"
603,146,"transfer"
603,551,"transfer"
604,525,"transfer"
604,183,"transfer"
604,27,"transfer"
604,734,"transfer"
604,309,"transfer"
605,696,"transfer"
605,893,"transfer"
605,865,"transfer"
605,934,"transfer"
605,536,"transfer"
606,404,"transfer"
606,661,"transfer"
606,667,"transfer"
606,913,"transfer"
606,759,"transfer"
607,88,"transfer"
607,60,"transfer"
607,440,"transfer"
607,651,"transfer"
607,305,"transfer"
608,249,"transfer"
608,502,"transfer"
608,985,"transfer"
608,153,"transfer"
608,327,"transfer"
609,644,"transfer"
609,289,"transfer"
609,311,"transfer"
609,191,"transfer"
609,40,"transfer"
610,998,"transfer"
610,655,"transfer"
610,856,"transfer"
610,258,"transfer"
610,135,"transfer"
611,348,"transfer"
611,614,"transfer"
611,672,"transfer"
611,406,"transfer"
611,466,"transfer"
612,76,"transfer"
612,218,"transfer"
612,934,"transfer"
612,33,"transfer"
612,795,"transfer"
613,280,"transfer"
613,569,"transfer"
613,663,"transfer"
613,559,"transfer"
613,620,"transfer"
614,919,"transfer"
614,423,"transfer"
614,458,"transfer"
614,944,"transfer"
614,509,"transfer"
615,582,"transfer"
615,504,"transfer"
615,584,"transfer"
615,572,"transfer"
615,602,"transfer"
616,756,"transfer"
616,801,"transfer"
616,674,"transfer"
616,710,"transfer"
616,764,"transfer"
617,867,"transfer"
617,543,"transfer"
617,595,"transfer"
617,251,"transfer"
617,779,"transfer"
618,765,"transfer"
618,455,"transfer"
618,310,"transfer"
618,642,"transfer"
618,523,"transfer"
619,650,"transfer"
619,152,"transfer"
619,324,"transfer"
619,590,"transfer"
619,893,"transfer"
620,259,"transfer"
620,94,"transfer"
620,610,"transfer"
620,518,"transfer"
620,980,"transfer"
621,286,"transfer"
621,857,"transfer"
621,134,"transfer"
621,554,"transfer"
621,264,"transfer"
622,808,"transfer"
622,482,"transfer"
622,135,"transfer"
622,30,"transfer"
622,736,"transfer"
623,85,"transfer"
623,640,"transfer"
623,249,"transfer"
623,807,"transfer"
623,227,"transfer"
624,602,"transfer"
624,414,"transfer"
624,745,"transfer"
624,49,"transfer"
624,131,"transfer"
625,128,"transfer"
625,225,"transfer"
625,900,"transfer"
625,4,"transfer"
625,716,"transfer"
626,822,"transfer"
626,744,"transfer"
626,888,"transfer"
626,150,"transfer"
626,693,"transfer"
627,920,"transfer"
627,333,"transfer"
627,716,"transfer"
627,11,"transfer"
627,856,"transfer"
628,144,"transfer"
628,258,"transfer"
628,448,"transfer"
628,805,"transfer"
628,560,"transfer"
629,339,"transfer"
629,509,"transfer"
629,330,"transfer"
629,691,"transfer"
629,25,"transfer"
630,355,"transfer"
630,299,"transfer"
630,167,"transfer"
630,218,"transfer"
630,784,"transfer"
631,565,"transfer"
631,534,"transfer"
631,719,"transfer"
631,274,"transfer"
631,387,"transfer"
632,794,"transfer"
632,934,"transfer"
632,820,"transfer"
632,249,"transfer"
632,181,"transfer"
633,807,"transfer"
633,926,"transfer"
633,289,"transfer"
633,480,"transfer"
633,424,"transfer"
634,88,"transfer"
634,207,"transfer"
634,91,"transfer"
634,904,"transfer"
634,791,"transfer"
635,380,"transfer"
635,699,"transfer"
635,934,"transfer"
635,324,"transfer"
635,740,"transfer"
636,822,"transfer"
636,222,"transfer"
636,942,"transfer"
636,218,"transfer"
636,553,"transfer"
637,145,"transfer"
637,920,"transfer"
637,920,"transfer"
637,348,"transfer"
637,348,"transfer"
638,21,"transfer"
638,921,"transfer"
638,714,"transfer"
638,436,"transfer"
638,312,"transfer"
639,650,"transfer"
639,765,"transfer"
639,485,"transfer"
639,443,"transfer"
639,664,"transfer"
640,738,"transfer"
640,286,"transfer"
640,282,"transfer"
640,4,"transfer"
640,920,"transfer"
641,707,"transfer"
641,719,"transfer"
641,746,"transfer"
641,484,"transfer"
641,460,"transfer"
642,299,"transfer"
642,693,"transfer"
642,282,"transfer"
642,903,"transfer"
642,347,"transfer"
643,305,"transfer"
643,35,"transfer"
643,934,"transfer"
643,380,"transfer"
643,851,"transfer"
644,968,"transfer"
644,681,"transfer"
644,383,"transfer"
644,261,"transfer"
644,430,"transfer"
645,971,"transfer"
645,799,"transfer"
645,681,"transfer"
645,53,"transfer"
645,53,"transfer"
646,190,"transfer"
646,139,"transfer"
646,397,"transfer"
646,975,"transfer"
646,348,"transfer"
647,49,"transfer"
647,155,"transfer"
647,418,"transfer"
647,482,"transfer"
647,201,"transfer"
648,458,"transfer"
648,554,"transfer"
648,230,"transfer"
648,407,"transfer"
648,795,"transfer"
649,602,"transfer"
649,551,"transfer"
649,83,"transfer"
649,386,"transfer"
649,643,"transfer"
650,558,"transfer"
650,893,"transfer"
650,616,"transfer"
650,909,"transfer"
650,66,"transfer"
651,933,"transfer"
651,13,"transfer"
651,944,"transfer"
651,272,"transfer"
651,824,"transfer"
652,379,"transfer"
652,962,"transfer"
652,823,"transfer"
652,276,"transfer"
652,642,"transfer"
653,480,"transfer"
653,541,"transfer"
653,642,"transfer"
653,897,"transfer"
653,50,"transfer"
654,601,"transfer"
654,387,"transfer"
654,410,"transfer"
654,720,"transfer"
654,181,"transfer"
655,976,"transfer"
655,589,"transfer"
655,870,"transfer"
655,759,"transfer"
655,865,"transfer"
656,720,"transfer"
656,241,"transfer"
656,74,"transfer"
656,428,"transfer"
656,171,"transfer"
657,579,"transfer"
657,870,"transfer"
657,269,"transfer"
657,716,"transfer"
657,549,"transfer"
658,152,"transfer"
658,374,"transfer"
658,155,"transfer"
658,624,"transfer"
658,955,"transfer"
659,857,"transfer"
659,817,"transfer"
659,286,"transfer"
659,548,"transfer"
659,746,"transfer"
660,613,"transfer"
660,942,"transfer"
660,78,"transfer"
660,340,"transfer"
660,461,"transfer"
661,744,"transfer"
661,294,"transfer"
661,934,"transfer"
661,350,"transfer"
661,730,"transfer"
662,499,"transfer"
662,4,"transfer"
662,118,"transfer"
662,560,"transfer"
662,153,"transfer"
663,892,"transfer"
663,974,"transfer"
663,741,"transfer"
663,693,"transfer"
663,66,"transfer"
664,804,"transfer"
664,19,"transfer"
664,481,"transfer"
664,331,"transfer"
664,490,"transfer"
665,749,"transfer"
665,892,"transfer"
665,352,"transfer"
665,403,"transfer"
665,453,"transfer"
666,448,"transfer"
666,218,"transfer"
666,281,"transfer"
666,879,"transfer"
666,223,"transfer"
667,734,"transfer"
667,981,"transfer"
667,678,"transfer"
667,71,"transfer"
667,168,"transfer"
668,836,"transfer"
668,223,"transfer"
668,525,"transfer"
668,979,"transfer"
668,441,"transfer"
669,232,"transfer"
669,352,"transfer"
669,893,"transfer"
669,584,"transfer"
669,878,"transfer"
670,218,"transfer"
670,772,"transfer"
670,811,"transfer"
670,155,"transfer"
670,150,"transfer"
671,796,"transfer"
671,891,"transfer"
671,738,"transfer"
671,699,"transfer"
671,949,"transfer"
672,181,"transfer"
672,281,"transfer"
672,713,"transfer"
672,428,"transfer"
672,565,"transfer"
673,8,"transfer"
673,222,"transfer"
673,537,"transfer"
673,95,"transfer"
673,690,"transfer"
674,406,"transfer"
674,208,"transfer"
674,91,"transfer"
674,919,"transfer"
674,311,"transfer"
675,146,"transfer"
675,697,"transfer"
675,80,"transfer"
675,662,"transfer"
675,581,"transfer"
676,668,"transfer"
676,259,"transfer"
676,634,"transfer"
676,378,"transfer"
676,972,"transfer"
677,643,"transfer"
677,110,"transfer"
677,576,"transfer"
677,782,"transfer"
677,60,"transfer"
678,135,"transfer"
678,840,"transfer"
678,795,"transfer"
678,259,"transfer"
678,265,"transfer"
679,436,"transfer"
679,81,"transfer"
679,955,"transfer"
679,479,"transfer"
679,45,"transfer"
680,384,"transfer"
680,397,"transfer"
680,137,"transfer"
680,801,"transfer"
680,939,"transfer"
681,205,"transfer"
681,443,"transfer"
681,478,"transfer"
681,13,"transfer"
681,975,"transfer"
682,583,"transfer"
682,934,"transfer"
682,10,"transfer"
682,448,"transfer"
682,286,"transfer"
683,981,"transfer"
683,109,"transfer"
683,10,"transfer"
683,634,"transfer"
683,579,"transfer"
684,872,"transfer"
684,399,"transfer"
684,477,"transfer"
684,552,"transfer"
684,365,"transfer"
685,91,"transfer"
685,734,"transfer"
685,578,"transfer"
685,35,"transfer"
685,458,"transfer"
686,181,"transfer"
686,222,"transfer"
686,534,"transfer"
686,660,"transfer"
686,138,"transfer"
687,145,"transfer"
687,258,"transfer"
687,903,"transfer"
687,296,"transfer"
687,177,"transfer"
688,743,"transfer"
688,717,"transfer"
688,577,"transfer"
688,876,"transfer"
688,420,"transfer"
689,603,"transfer"
689,222,"transfer"
689,78,"transfer"
689,669,"transfer"
689,458,"transfer"
690,918,"transfer"
690,68,"transfer"
690,135,"transfer"
690,752,"transfer"
690,335,"transfer"
691,621,"transfer"
691,502,"transfer"
691,140,"transfer"
691,495,"transfer"
691,181,"transfer"
692,743,"transfer"
692,403,"transfer"
692,40,"transfer"
692,478,"transfer"
692,289,"transfer"
693,511,"transfer"
693,982,"transfer"
693,796,"transfer"
693,948,"transfer"
693,578,"transfer"
694,524,"transfer"
694,830,"transfer"
694,27,"transfer"
694,534,"transfer"
694,118,"transfer"
695,6,"transfer"
695,818,"transfer"
695,620,"transfer"
695,284,"transfer"
695,744,"transfer"
696,561,"transfer"
696,318,"transfer"
696,351,"transfer"
696,60,"transfer"
696,216,"transfer"
697,255,"transfer"
697,787,"transfer"
697,579,"transfer"
697,974,"transfer"
697,249,"transfer"
698,68,"transfer"
698,135,"transfer"
698,404,"transfer"
698,932,"transfer"
698,317,"transfer"
699,642,"transfer"
699,152,"transfer"
699,501,"transfer"
699,29,"transfer"
699,978,"transfer"
700,547,"transfer"
700,674,"transfer"
700,259,"transfer"
700,809,"transfer"
700,607,"transfer"
701,673,"transfer"
701,421,"transfer"
701,706,"transfer"
701,975,"transfer"
701,104,"transfer"
702,222,"transfer"
702,981,"transfer"
702,155,"transfer"
702,310,"transfer"
702,960,"transfer"
703,359,"transfer"
703,58,"transfer"
703,969,"transfer"
703,890,"transfer"
703,646,"transfer"
704,387,"transfer"
704,875,"transfer"
704,235,"transfer"
704,140,"transfer"
704,258,"transfer"
705,264,"transfer"
705,19,"transfer"
705,602,"transfer"
705,429,"transfer"
705,491,"transfer"
706,681,"transfer"
706,480,"transfer"
706,298,"transfer"
706,584,"transfer"
706,317,"transfer"
707,620,"transfer"
707,385,"transfer"
707,871,"transfer"
707,761,"transfer"
707,261,"transfer"
708,662,"transfer"
708,462,"transfer"
708,70,"transfer"
708,403,"transfer"
708,510,"transfer"
709,249,"transfer"
709,258,"transfer"
709,406,"transfer"
709,590,"transfer"
709,177,"transfer"
710,134,"transfer"
710,127,"transfer"
710,238,"transfer"
710,751,"transfer"
710,88,"transfer"
711,521,"transfer"
711,340,"transfer"
711,13,"transfer"
711,499,"transfer"
711,716,"transfer"
712,71,"transfer"
712,208,"transfer"
712,332,"transfer"
712,618,"transfer"
712,862,"transfer"
713,523,"transfer"
713,676,"transfer"
713,524,"transfer"
713,518,"transfer"
713,499,"transfer"
714,131,"transfer"
714,813,"transfer"
714,9,"transfer"
714,831,"transfer"
714,403,"transfer"
715,291,"transfer"
715,149,"transfer"
715,373,"transfer"
715,448,"transfer"
715,448,"transfer"
716,165,"transfer"
716,608,"transfer"
716,850,"transfer"
716,210,"transfer"
716,532,"transfer"
717,597,"transfer"
717,480,"transfer"
717,463,"transfer"
717,463,"transfer"
717,624,"transfer"
718,860,"transfer"
718,747,"transfer"
718,957,"transfer"
718,317,"transfer"
718,795,"transfer"
719,746,"transfer"
719,662,"transfer"
719,216,"transfer"
719,697,"transfer"
719,57,"transfer"
720,892,"transfer"
720,875,"transfer"
720,304,"transfer"
720,222,"transfer"
720,579,"transfer"
721,471,"transfer"
721,259,"transfer"
721,561,"transfer"
721,778,"transfer"
721,992,"transfer"
722,94,"transfer"
722,779,"transfer"
722,258,"transfer"
722,804,"transfer"
722,509,"transfer"
723,71,"transfer"
723,752,"transfer"
723,348,"transfer"
723,334,"transfer"
723,448,"transfer"
724,921,"transfer"
724,327,"transfer"
724,230,"transfer"
724,673,"transfer"
724,861,"transfer"
725,867,"transfer"
725,292,"transfer"
725,118,"transfer"
725,504,"transfer"
725,694,"transfer"
726,724,"transfer"
726,362,"transfer"
726,569,"transfer"
726,633,"transfer"
726,383,"transfer"
727,406,"transfer"
727,27,"transfer"
727,241,"transfer"
727,774,"transfer"
727,904,"transfer"
728,626,"transfer"
728,561,"transfer"
728,45,"transfer"
728,380,"transfer"
728,690,"transfer"
729,662,"transfer"
729,422,"transfer"
729,241,"transfer"
729,306,"transfer"
729,123,"transfer"
730,49,"transfer"
730,112,"transfer"
730,523,"transfer"
730,187,"transfer"
730,558,"transfer"
731,642,"transfer"
731,778,"transfer"
731,719,"transfer"
731,924,"transfer"
731,638,"transfer"
732,634,"transfer"
732,713,"transfer"
732,456,"transfer"
732,673,"transfer"
732,380,"transfer"
733,441,"transfer"
733,406,"transfer"
733,436,"transfer"
733,226,"transfer"
733,289,"transfer"
734,801,"transfer"
734,293,"transfer"
734,347,"transfer"
734,227,"transfer"
734,149,"transfer"
735,4,"transfer"
735,755,"transfer"
735,366,"transfer"
735,333,"transfer"
735,662,"transfer"
736,724,"transfer"
736,844,"transfer"
736,672,"transfer"
736,166,"transfer"
736,749,"transfer"
737,155,"transfer"
737,146,"transfer"
737,711,"transfer"
737,418,"transfer"
737,335,"transfer"
738,294,"transfer"
738,690,"transfer"
738,139,"transfer"
738,339,"transfer"
738,415,"transfer"
739,220,"transfer"
739,258,"transfer"
739,175,"transfer"
739,62,"transfer"
739,608,"transfer"
740,851,"transfer"
740,171,"transfer"
740,959,"transfer"
740,612,"transfer"
740,195,"transfer"
741,746,"transfer"
741,716,"transfer"
741,136,"transfer"
741,865,"transfer"
741,149,"transfer"
742,724,"transfer"
742,578,"transfer"
742,561,"transfer"
742,513,"transfer"
742,458,"transfer"
743,166,"transfer"
743,796,"transfer"
743,576,"transfer"
743,883,"transfer"
743,559,"transfer"
744,616,"transfer"
744,135,"transfer"
744,475,"transfer"
744,789,"transfer"
744,881,"transfer"
745,801,"transfer"
745,439,"transfer"
745,559,"transfer"
745,251,"transfer"
745,317,"transfer"
746,441,"transfer"
746,499,"transfer"
746,309,"transfer"
746,342,"transfer"
746,352,"transfer"
747,29,"transfer"
747,76,"transfer"
747,89,"transfer"
747,494,"transfer"
747,520,"transfer"
748,218,"transfer"
748,183,"transfer"
748,271,"transfer"
748,165,"transfer"
748,165,"transfer"
749,421,"transfer"
749,60,"transfer"
749,607,"transfer"
749,138,"transfer"
749,801,"transfer"
750,843,"transfer"
750,403,"transfer"
750,504,"transfer"
750,595,"transfer"
750,327,"transfer"
751,63,"transfer"
751,228,"transfer"
751,119,"transfer"
751,805,"transfer"
751,448,"transfer"
752,782,"transfer"
752,279,"transfer"
752,331,"transfer"
752,384,"transfer"
752,403,"transfer"
753,840,"transfer"
753,534,"transfer"
753,624,"transfer"
753,595,"transfer"
753,643,"transfer"
754,491,"transfer"
754,745,"transfer"
754,934,"transfer"
754,553,"transfer"
754,274,"transfer"
755,446,"transfer"
755,579,"transfer"
755,165,"transfer"
755,919,"transfer"
755,152,"transfer"
756,135,"transfer"
756,920,"transfer"
756,631,"transfer"
756,914,"transfer"
756,939,"transfer"
757,811,"transfer"
757,745,"transfer"
757,311,"transfer"
757,673,"transfer"
757,305,"transfer"
758,922,"transfer"
758,922,"transfer"
758,423,"transfer"
758,602,"transfer"
758,91,"transfer"
759,628,"transfer"
759,744,"transfer"
759,45,"transfer"
759,559,"transfer"
759,584,"transfer"
760,236,"transfer"
760,610,"transfer"
760,553,"transfer"
760,547,"transfer"
760,24,"transfer"
761,383,"transfer"
761,931,"transfer"
761,159,"transfer"
761,384,"transfer"
761,648,"transfer"
762,920,"transfer"
762,525,"transfer"
762,872,"transfer"
762,493,"transfer"
762,74,"transfer"
763,876,"transfer"
763,757,"transfer"
763,913,"transfer"
763,533,"transfer"
763,448,"transfer"
764,206,"transfer"
764,561,"transfer"
764,685,"transfer"
764,642,"transfer"
764,754,"transfer"
765,572,"transfer"
765,448,"transfer"
765,559,"transfer"
765,634,"transfer"
765,737,"transfer"
766,661,"transfer"
766,414,"transfer"
766,455,"transfer"
766,984,"transfer"
766,618,"transfer"
767,459,"transfer"
767,544,"transfer"
767,122,"transfer"
767,168,"transfer"
767,578,"transfer"
768,717,"transfer"
768,166,"transfer"
768,874,"transfer"
768,298,"transfer"
768,625,"transfer"
769,102,"transfer"
769,950,"transfer"
769,566,"transfer"
769,85,"transfer"
769,241,"transfer"
770,812,"transfer"
770,192,"transfer"
770,348,"transfer"
770,335,"transfer"
770,807,"transfer"
771,365,"transfer"
771,222,"transfer"
771,463,"transfer"
771,894,"transfer"
771,589,"transfer"
772,744,"transfer"
772,553,"transfer"
772,102,"transfer"
772,681,"transfer"
772,330,"transfer"
773,180,"transfer"
773,245,"transfer"
773,872,"transfer"
773,109,"transfer"
773,837,"transfer"
774,412,"transfer"
774,301,"transfer"
774,513,"transfer"
774,892,"transfer"
774,309,"transfer"
775,597,"transfer"
775,813,"transfer"
775,679,"transfer"
775,293,"transfer"
775,170,"transfer"
776,903,"transfer"
776,696,"transfer"
776,871,"transfer"
776,777,"transfer"
776,192,"transfer"
777,940,"transfer"
777,352,"transfer"
777,734,"transfer"
777,681,"transfer"
777,91,"transfer"
778,262,"transfer"
778,383,"transfer"
778,752,"transfer"
778,413,"transfer"
778,313,"transfer"
779,982,"transfer"
779,301,"transfer"
779,534,"transfer"
779,501,"transfer"
779,101,"transfer"
780,272,"transfer"
780,380,"transfer"
780,354,"transfer"
780,560,"transfer"
780,799,"transfer"
781,662,"transfer"
781,71,"transfer"
781,712,"transfer"
781,884,"transfer"
781,505,"transfer"
782,640,"transfer"
782,258,"transfer"
782,289,"transfer"
782,146,"transfer"
782,83,"transfer"
783,671,"transfer"
783,130,"transfer"
783,576,"transfer"
783,921,"transfer"
783,579,"transfer"
784,584,"transfer"
784,519,"transfer"
784,640,"transfer"
784,551,"transfer"
784,287,"transfer"
785,850,"transfer"
785,557,"transfer"
785,856,"transfer"
785,240,"transfer"
785,870,"transfer"
786,559,"transfer"
786,485,"transfer"
786,347,"transfer"
786,796,"transfer"
786,747,"transfer"
787,4,"transfer"
787,473,"transfer"
787,676,"transfer"
787,560,"transfer"
787,50,"transfer"
788,549,"transfer"
788,779,"transfer"
788,82,"transfer"
788,40,"transfer"
788,272,"transfer"
789,330,"transfer"
789,915,"transfer"
789,877,"transfer"
789,131,"transfer"
789,498,"transfer"
790,797,"transfer"
790,897,"transfer"
790,842,"transfer"
790,166,"transfer"
790,646,"transfer"
791,757,"transfer"
791,387,"transfer"
791,335,"transfer"
791,892,"transfer"
791,499,"transfer"
792,436,"transfer"
792,932,"transfer"
792,576,"transfer"
792,362,"transfer"
792,379,"transfer"
793,448,"transfer"
793,447,"transfer"
793,293,"transfer"
793,88,"transfer"
793,643,"transfer"
794,759,"transfer"
794,10,"transfer"
794,856,"transfer"
794,831,"transfer"
794,217,"transfer"
795,831,"transfer"
795,541,"transfer"
795,403,"transfer"
795,420,"transfer"
795,746,"transfer"
796,135,"transfer"
796,247,"transfer"
796,311,"transfer"
796,979,"transfer"
796,778,"transfer"
797,906,"transfer"
797,649,"transfer"
797,737,"transfer"
797,666,"transfer"
797,899,"transfer"
798,218,"transfer"
798,290,"transfer"
798,876,"transfer"
798,779,"transfer"
798,974,"transfer"
799,893,"transfer"
799,287,"transfer"
799,904,"transfer"
799,443,"transfer"
799,842,"transfer"
800,533,"transfer"
800,330,"transfer"
800,644,"transfer"
800,860,"transfer"
800,213,"transfer"
801,334,"transfer"
801,379,"transfer"
801,323,"transfer"
801,610,"transfer"
801,499,"transfer"
802,78,"transfer"
802,926,"transfer"
802,844,"transfer"
802,31,"transfer"
802,534,"transfer"
803,167,"transfer"
803,117,"transfer"
803,790,"transfer"
803,891,"transfer"
803,777,"transfer"
804,65,"transfer"
804,224,"transfer"
804,441,"transfer"
804,642,"transfer"
804,640,"transfer"
805,448,"transfer"
805,947,"transfer"
805,364,"transfer"
805,441,"transfer"
805,126,"transfer"
806,920,"transfer"
806,222,"transfer"
806,883,"transfer"
806,595,"transfer"
806,973,"transfer"
807,625,"transfer"
807,144,"transfer"
807,505,"transfer"
807,29,"transfer"
807,380,"transfer"
808,478,"transfer"
808,509,"transfer"
808,981,"transfer"
808,449,"transfer"
808,40,"transfer"
809,47,"transfer"
809,492,"transfer"
809,724,"transfer"
809,57,"transfer"
809,561,"transfer"
810,38,"transfer"
810,328,"transfer"
810,298,"transfer"
810,746,"transfer"
810,871,"transfer"
811,534,"transfer"
811,352,"transfer"
811,427,"transfer"
811,968,"transfer"
811,372,"transfer"
812,528,"transfer"
812,4,"transfer"
812,225,"transfer"
812,346,"transfer"
812,549,"transfer"
813,860,"transfer"
813,796,"transfer"
813,406,"transfer"
813,592,"transfer"
813,274,"transfer"
814,847,"transfer"
814,680,"transfer"
814,696,"transfer"
814,264,"transfer"
814,309,"transfer"
815,730,"transfer"
815,49,"transfer"
815,135,"transfer"
815,285,"transfer"
815,666,"transfer"
816,287,"transfer"
816,590,"transfer"
816,934,"transfer"
816,289,"transfer"
816,812,"transfer"
817,155,"transfer"
817,699,"transfer"
817,560,"transfer"
817,140,"transfer"
817,330,"transfer"
818,756,"transfer"
818,867,"transfer"
818,466,"transfer"
818,439,"transfer"
818,249,"transfer"
819,210,"transfer"
819,45,"transfer"
819,977,"transfer"
819,145,"transfer"
819,674,"transfer"
820,321,"transfer"
820,786,"transfer"
820,66,"transfer"
820,262,"transfer"
820,850,"transfer"
821,457,"transfer"
821,91,"transfer"
821,383,"transfer"
821,786,"transfer"
821,80,"transfer"
822,413,"transfer"
822,666,"transfer"
822,599,"transfer"
822,754,"transfer"
822,786,"transfer"
823,56,"transfer"
823,934,"transfer"
823,892,"transfer"
823,716,"transfer"
823,665,"transfer"
824,387,"transfer"
824,666,"transfer"
824,326,"transfer"
824,420,"transfer"
824,137,"transfer"
825,506,"transfer"
825,850,"transfer"
825,326,"transfer"
825,743,"transfer"
825,532,"transfer"
826,123,"transfer"
826,407,"transfer"
826,380,"transfer"
826,264,"transfer"
826,625,"transfer"
827,264,"transfer"
827,581,"transfer"
827,71,"transfer"
827,711,"transfer"
827,446,"transfer"
828,166,"transfer"
828,188,"transfer"
828,43,"transfer"
828,127,"transfer"
828,493,"transfer"
829,441,"transfer"
829,218,"transfer"
829,473,"transfer"
829,901,"transfer"
829,91,"transfer"
830,383,"transfer"
830,264,"transfer"
830,253,"transfer"
830,749,"transfer"
830,928,"transfer"
831,155,"transfer"
831,139,"transfer"
831,117,"transfer"
831,756,"transfer"
831,131,"transfer"
832,777,"transfer"
832,646,"transfer"
832,813,"transfer"
832,165,"transfer"
832,756,"transfer"
833,218,"transfer"
833,272,"transfer"
833,551,"transfer"
833,221,"transfer"
833,85,"transfer"
834,571,"transfer"
834,289,"transfer"
834,601,"transfer"
834,118,"transfer"
834,874,"transfer"
835,626,"transfer"
835,584,"transfer"
835,865,"transfer"
835,529,"transfer"
835,13,"transfer"
836,720,"transfer"
836,403,"transfer"
836,57,"transfer"
836,383,"transfer"
836,759,"transfer"
837,218,"transfer"
837,246,"transfer"
837,973,"transfer"
837,480,"transfer"
837,645,"transfer"
838,897,"transfer"
838,501,"transfer"
838,666,"transfer"
838,865,"transfer"
838,728,"transfer"
839,884,"transfer"
839,388,"transfer"
839,94,"transfer"
839,314,"transfer"
839,534,"transfer"
840,963,"transfer"
840,135,"transfer"
840,341,"transfer"
840,753,"transfer"
840,697,"transfer"
841,595,"transfer"
841,380,"transfer"
841,188,"transfer"
841,383,"transfer"
841,552,"transfer"
842,977,"transfer"
842,576,"transfer"
842,251,"transfer"
842,746,"transfer"
842,226,"transfer"
843,856,"transfer"
843,509,"transfer"
843,247,"transfer"
843,460,"transfer"
843,66,"transfer"
844,27,"transfer"
844,504,"transfer"
844,419,"transfer"
844,96,"transfer"
844,758,"transfer"
845,443,"transfer"
845,942,"transfer"
845,186,"transfer"
845,406,"transfer"
845,852,"transfer"
846,455,"transfer"
846,109,"transfer"
846,499,"transfer"
846,457,"transfer"
846,326,"transfer"
847,59,"transfer"
847,338,"transfer"
847,614,"transfer"
847,368,"transfer"
847,165,"transfer"
848,155,"transfer"
848,383,"transfer"
848,533,"transfer"
848,273,"transfer"
848,417,"transfer"
849,127,"transfer"
849,339,"transfer"
849,299,"transfer"
849,532,"transfer"
849,921,"transfer"
850,850,"transfer"
850,903,"transfer"
850,774,"transfer"
850,387,"transfer"
850,777,"transfer"
851,203,"transfer"
851,437,"transfer"
851,118,"transfer"
851,797,"transfer"
851,271,"transfer"
852,347,"transfer"
852,549,"transfer"
852,59,"transfer"
852,102,"transfer"
852,536,"transfer"
853,309,"transfer"
853,78,"transfer"
853,144,"transfer"
853,919,"transfer"
853,970,"transfer"
854,624,"transfer"
854,772,"transfer"
854,181,"transfer"
854,78,"transfer"
854,875,"transfer"
855,756,"transfer"
855,598,"transfer"
855,934,"transfer"
855,720,"transfer"
855,191,"transfer"
856,615,"transfer"
856,380,"transfer"
856,938,"transfer"
856,208,"transfer"
856,494,"transfer"
857,177,"transfer"
857,6,"transfer"
857,512,"transfer"
857,981,"transfer"
857,627,"transfer"
858,756,"transfer"
858,850,"transfer"
858,738,"transfer"
858,287,"transfer"
858,68,"transfer"
859,226,"transfer"
859,54,"transfer"
859,117,"transfer"
859,856,"transfer"
859,330,"transfer"
860,751,"transfer"
860,804,"transfer"
860,595,"transfer"
860,606,"transfer"
860,839,"transfer"
861,350,"transfer"
861,372,"transfer"
861,149,"transfer"
861,91,"transfer"
861,412,"transfer"
862,597,"transfer"
862,537,"transfer"
862,532,"transfer"
862,556,"transfer"
862,781,"transfer"
863,974,"transfer"
863,495,"transfer"
863,66,"transfer"
863,313,"transfer"
863,245,"transfer"
864,975,"transfer"
864,293,"transfer"
864,481,"transfer"
864,818,"transfer"
864,351,"transfer"
865,940,"transfer"
865,441,"transfer"
865,560,"transfer"
865,94,"transfer"
865,614,"transfer"
866,996,"transfer"
866,135,"transfer"
866,249,"transfer"
866,933,"transfer"
866,707,"transfer"
867,783,"transfer"
867,479,"transfer"
867,38,"transfer"
867,662,"transfer"
867,276,"transfer"
868,535,"transfer"
868,33,"transfer"
868,312,"transfer"
868,923,"transfer"
868,875,"transfer"
869,944,"transfer"
869,856,"transfer"
869,361,"transfer"
869,259,"transfer"
869,499,"transfer"
870,707,"transfer"
870,746,"transfer"
870,153,"transfer"
870,990,"transfer"
870,387,"transfer"
871,620,"transfer"
871,561,"transfer"
871,613,"transfer"
871,577,"transfer"
871,466,"transfer"
872,872,"transfer"
872,644,"transfer"
872,642,"transfer"
872,18,"transfer"
872,222,"transfer"
873,211,"transfer"
873,584,"transfer"
873,786,"transfer"
873,25,"transfer"
873,534,"transfer"
874,553,"transfer"
874,922,"transfer"
874,932,"transfer"
874,258,"transfer"
874,579,"transfer"
875,397,"transfer"
875,560,"transfer"
875,140,"transfer"
875,144,"transfer"
875,642,"transfer"
876,207,"transfer"
876,58,"transfer"
876,928,"transfer"
876,406,"transfer"
876,926,"transfer"
877,696,"transfer"
877,241,"transfer"
877,821,"transfer"
877,778,"transfer"
877,694,"transfer"
878,252,"transfer"
878,259,"transfer"
878,289,"transfer"
878,317,"transfer"
878,578,"transfer"
879,959,"transfer"
879,645,"transfer"
879,8,"transfer"
879,46,"transfer"
879,745,"transfer"
880,407,"transfer"
880,865,"transfer"
880,903,"transfer"
880,606,"transfer"
880,844,"transfer"
881,934,"transfer"
881,150,"transfer"
881,661,"transfer"
881,872,"transfer"
881,305,"transfer"
882,893,"transfer"
882,122,"transfer"
882,439,"transfer"
882,255,"transfer"
882,271,"transfer"
883,71,"transfer"
883,58,"transfer"
883,926,"transfer"
883,458,"transfer"
883,10,"transfer"
884,123,"transfer"
884,10,"transfer"
884,900,"transfer"
884,791,"transfer"
884,225,"transfer"
885,555,"transfer"
885,844,"transfer"
885,294,"transfer"
885,778,"transfer"
885,794,"transfer"
886,646,"transfer"
886,534,"transfer"
886,78,"transfer"
886,380,"transfer"
886,751,"transfer"
887,9,"transfer"
887,181,"transfer"
887,257,"transfer"
887,559,"transfer"
887,842,"transfer"
888,499,"transfer"
888,57,"transfer"
888,751,"transfer"
888,186,"transfer"
888,338,"transfer"
889,858,"transfer"
889,66,"transfer"
889,397,"transfer"
889,149,"transfer"
889,614,"transfer"
890,728,"transfer"
890,192,"transfer"
890,742,"transfer"
890,323,"transfer"
890,311,"transfer"
891,407,"transfer"
891,746,"transfer"
891,685,"transfer"
891,998,"transfer"
891,910,"transfer"
892,371,"transfer"
892,228,"transfer"
892,888,"transfer"
892,651,"transfer"
892,579,"transfer"
893,305,"transfer"
893,618,"transfer"
893,524,"transfer"
893,135,"transfer"
893,83,"transfer"
894,481,"transfer"
894,495,"transfer"
894,255,"transfer"
894,534,"transfer"
894,579,"transfer"
895,289,"transfer"
895,559,"transfer"
895,842,"transfer"
895,606,"transfer"
895,699,"transfer"
896,452,"transfer"
896,364,"transfer"
896,167,"transfer"
896,903,"transfer"
896,243,"transfer"
897,530,"transfer"
897,528,"transfer"
897,576,"transfer"
897,950,"transfer"
897,861,"transfer"
898,920,"transfer"
898,737,"transfer"
898,934,"transfer"
898,255,"transfer"
898,21,"transfer"
899,480,"transfer"
899,934,"transfer"
899,412,"transfer"
899,406,"transfer"
899,257,"transfer"
900,421,"transfer"
900,576,"transfer"
900,221,"transfer"
900,15,"transfer"
900,38,"transfer"
901,757,"transfer"
901,535,"transfer"
901,123,"transfer"
901,904,"transfer"
901,793,"transfer"
902,646,"transfer"
902,565,"transfer"
902,10,"transfer"
902,804,"transfer"
902,803,"transfer"
903,523,"transfer"
903,871,"transfer"
903,959,"transfer"
903,677,"transfer"
903,629,"transfer"
904,458,"transfer"
904,39,"transfer"
904,4,"transfer"
904,495,"transfer"
904,601,"transfer"
905,326,"transfer"
905,485,"transfer"
905,397,"transfer"
905,625,"transfer"
905,192,"transfer"
906,593,"transfer"
906,865,"transfer"
906,671,"transfer"
906,746,"transfer"
906,921,"transfer"
907,45,"transfer"
907,169,"transfer"
907,169,"transfer"
907,301,"transfer"
907,513,"transfer"
908,407,"transfer"
908,468,"transfer"
908,212,"transfer"
908,751,"transfer"
908,697,"transfer"
909,303,"transfer"
909,241,"transfer"
909,625,"transfer"
909,535,"transfer"
909,135,"transfer"
910,205,"transfer"
910,56,"transfer"
910,535,"transfer"
910,642,"transfer"
910,326,"transfer"
911,621,"transfer"
911,330,"transfer"
911,123,"transfer"
911,208,"transfer"
911,578,"transfer"
912,232,"transfer"
912,754,"transfer"
912,251,"transfer"
912,865,"transfer"
912,128,"transfer"
913,35,"transfer"
913,477,"transfer"
913,587,"transfer"
913,696,"transfer"
913,479,"transfer"
914,330,"transfer"
914,381,"transfer"
914,640,"transfer"
914,411,"transfer"
914,804,"transfer"
915,321,"transfer"
915,292,"transfer"
915,286,"transfer"
915,518,"transfer"
915,544,"transfer"
916,135,"transfer"
916,481,"transfer"
916,640,"transfer"
916,387,"transfer"
916,620,"transfer"
917,130,"transfer"
917,128,"transfer"
917,844,"transfer"
917,135,"transfer"
917,144,"transfer"
918,404,"transfer"
918,607,"transfer"
918,607,"transfer"
918,717,"transfer"
918,716,"transfer"
919,466,"transfer"
919,399,"transfer"
919,850,"transfer"
919,481,"transfer"
919,365,"transfer"
920,330,"transfer"
920,66,"transfer"
920,562,"transfer"
920,850,"transfer"
920,865,"transfer"
921,190,"transfer"
921,190,"transfer"
921,123,"transfer"
921,962,"transfer"
921,397,"transfer"
922,492,"transfer"
922,804,"transfer"
922,818,"transfer"
922,101,"transfer"
922,551,"transfer"
923,831,"transfer"
923,365,"transfer"
923,502,"transfer"
923,524,"transfer"
923,76,"transfer"
924,817,"transfer"
924,968,"transfer"
924,874,"transfer"
924,860,"transfer"
924,836,"transfer"
925,27,"transfer"
925,533,"transfer"
925,844,"transfer"
925,57,"transfer"
925,699,"transfer"
926,53,"transfer"
926,57,"transfer"
926,456,"transfer"
926,851,"transfer"
926,615,"transfer"
927,259,"transfer"
927,154,"transfer"
927,458,"transfer"
927,87,"transfer"
927,584,"transfer"
928,362,"transfer"
928,656,"transfer"
928,811,"transfer"
928,865,"transfer"
928,462,"transfer"
929,504,"transfer"
929,406,"transfer"
929,76,"transfer"
929,317,"transfer"
929,823,"transfer"
930,22,"transfer"
930,881,"transfer"
930,970,"transfer"
930,751,"transfer"
930,909,"transfer"
931,743,"transfer"
931,155,"transfer"
931,165,"transfer"
931,874,"transfer"
931,264,"transfer"
932,550,"transfer"
932,696,"transfer"
932,309,"transfer"
932,95,"transfer"
932,153,"transfer"
933,264,"transfer"
933,971,"transfer"
933,850,"transfer"
933,163,"transfer"
933,118,"transfer"
934,597,"transfer"
934,369,"transfer"
934,732,"transfer"
934,651,"transfer"
934,406,"transfer"
935,724,"transfer"
935,777,"transfer"
935,646,"transfer"
935,981,"transfer"
935,836,"transfer"
936,406,"transfer"
936,525,"transfer"
936,264,"transfer"
936,199,"transfer"
936,901,"transfer"
937,29,"transfer"
937,647,"transfer"
937,860,"transfer"
937,621,"transfer"
937,867,"transfer"
938,556,"transfer"
938,289,"transfer"
938,13,"transfer"
938,792,"transfer"
938,448,"transfer"
939,306,"transfer"
939,738,"transfer"
939,646,"transfer"
939,807,"transfer"
939,627,"transfer"
940,237,"transfer"
940,194,"transfer"
940,801,"transfer"
940,214,"transfer"
940,478,"transfer"
941,259,"transfer"
941,362,"transfer"
941,250,"transfer"
941,920,"transfer"
941,685,"transfer"
942,737,"transfer"
942,934,"transfer"
942,478,"transfer"
942,439,"transfer"
942,95,"transfer"
943,276,"transfer"
943,403,"transfer"
943,265,"transfer"
943,29,"transfer"
943,538,"transfer"
944,406,"transfer"
944,806,"transfer"
944,225,"transfer"
944,181,"transfer"
944,781,"transfer"
945,699,"transfer"
945,457,"transfer"
945,732,"transfer"
945,152,"transfer"
945,58,"transfer"
946,795,"transfer"
946,584,"transfer"
946,875,"transfer"
946,49,"transfer"
946,884,"transfer"
947,397,"transfer"
947,535,"transfer"
947,534,"transfer"
947,123,"transfer"
947,265,"transfer"
948,730,"transfer"
948,325,"transfer"
948,973,"transfer"
948,88,"transfer"
948,670,"transfer"
949,348,"transfer"
949,827,"transfer"
949,294,"transfer"
949,525,"transfer"
949,338,"transfer"
950,212,"transfer"
950,327,"transfer"
950,383,"transfer"
950,561,"transfer"
950,475,"transfer"
951,881,"transfer"
951,525,"transfer"
951,211,"transfer"
951,250,"transfer"
951,225,"transfer"
952,510,"transfer"
952,59,"transfer"
952,204,"transfer"
952,897,"transfer"
952,791,"transfer"
953,159,"transfer"
953,109,"transfer"
953,292,"transfer"
953,241,"transfer"
953,70,"transfer"
954,448,"transfer"
954,566,"transfer"
954,231,"transfer"
954,559,"transfer"
954,479,"transfer"
955,387,"transfer"
955,311,"transfer"
955,175,"transfer"
955,773,"transfer"
955,66,"transfer"
956,892,"transfer"
956,976,"transfer"
956,166,"transfer"
956,29,"transfer"
956,634,"transfer"
957,631,"transfer"
957,318,"transfer"
957,418,"transfer"
957,66,"transfer"
957,195,"transfer"
958,45,"transfer"
958,145,"transfer"
958,786,"transfer"
958,545,"transfer"
958,756,"transfer"
959,695,"transfer"
959,53,"transfer"
959,200,"transfer"
959,54,"transfer"
959,317,"transfer"
960,696,"transfer"
960,648,"transfer"
960,743,"transfer"
960,71,"transfer"
960,606,"transfer"
961,190,"transfer"
961,505,"transfer"
961,674,"transfer"
961,140,"transfer"
961,169,"transfer"
962,497,"transfer"
962,502,"transfer"
962,934,"transfer"
962,734,"transfer"
962,862,"transfer"
963,935,"transfer"
963,276,"transfer"
963,872,"transfer"
963,420,"transfer"
963,567,"transfer"
964,778,"transfer"
964,102,"transfer"
964,745,"transfer"
964,678,"transfer"
964,352,"transfer"
965,881,"transfer"
965,414,"transfer"
965,298,"transfer"
965,744,"transfer"
965,330,"transfer"
966,273,"transfer"
966,292,"transfer"
966,10,"transfer"
966,904,"transfer"
966,605,"transfer"
967,607,"transfer"
967,473,"transfer"
967,259,"transfer"
967,911,"transfer"
967,169,"transfer"
968,258,"transfer"
968,620,"transfer"
968,179,"transfer"
968,29,"transfer"
968,159,"transfer"
969,27,"transfer"
969,193,"transfer"
969,441,"transfer"
969,824,"transfer"
969,599,"transfer"
970,4,"transfer"
970,207,"transfer"
970,899,"transfer"
970,188,"transfer"
970,650,"transfer"
971,727,"transfer"
971,4,"transfer"
971,549,"transfer"
971,293,"transfer"
971,646,"transfer"
972,706,"transfer"
972,804,"transfer"
972,666,"transfer"
972,836,"transfer"
972,982,"transfer"
973,498,"transfer"
973,448,"transfer"
973,883,"transfer"
973,934,"transfer"
973,478,"transfer"
974,842,"transfer"
974,439,"transfer"
974,306,"transfer"
974,502,"transfer"
974,602,"transfer"
975,649,"transfer"
975,76,"transfer"
975,241,"transfer"
975,63,"transfer"
975,745,"transfer"
976,388,"transfer"
976,601,"transfer"
976,924,"transfer"
976,818,"transfer"
976,633,"transfer"
977,831,"transfer"
977,463,"transfer"
977,904,"transfer"
977,272,"transfer"
977,31,"transfer"
978,645,"transfer"
978,691,"transfer"
978,352,"transfer"
978,774,"transfer"
978,938,"transfer"
979,181,"transfer"
979,722,"transfer"
979,743,"transfer"
979,214,"transfer"
979,305,"transfer"
980,66,"transfer"
980,724,"transfer"
980,241,"transfer"
980,984,"transfer"
980,91,"transfer"
981,744,"transfer"
981,316,"transfer"
981,805,"transfer"
981,817,"transfer"
981,387,"transfer"
982,202,"transfer"
982,746,"transfer"
982,900,"transfer"
982,796,"transfer"
982,971,"transfer"
983,88,"transfer"
983,209,"transfer"
983,597,"transfer"
983,57,"transfer"
983,375,"transfer"
984,330,"transfer"
984,403,"transfer"
984,502,"transfer"
984,868,"transfer"
984,140,"transfer"
985,413,"transfer"
985,662,"transfer"
985,448,"transfer"
985,186,"transfer"
985,757,"transfer"
986,394,"transfer"
986,412,"transfer"
986,860,"transfer"
986,886,"transfer"
986,8,"transfer"
987,755,"transfer"
987,203,"transfer"
987,891,"transfer"
987,746,"transfer"
987,383,"transfer"
988,311,"transfer"
988,904,"transfer"
988,458,"transfer"
988,498,"transfer"
988,890,"transfer"
989,250,"transfer"
989,362,"transfer"
989,685,"transfer"
989,759,"transfer"
989,19,"transfer"
990,674,"transfer"
990,42,"transfer"
990,10,"transfer"
990,315,"transfer"
990,604,"transfer"
991,317,"transfer"
991,772,"transfer"
991,490,"transfer"
991,194,"transfer"
991,704,"transfer"
992,875,"transfer"
992,877,"transfer"
992,284,"transfer"
992,867,"transfer"
992,337,"transfer"
993,120,"transfer"
993,222,"transfer"
993,707,"transfer"
993,257,"transfer"
993,579,"transfer"
994,451,"transfer"
994,85,"transfer"
994,103,"transfer"
994,274,"transfer"
994,254,"transfer"
995,384,"transfer"
995,427,"transfer"
995,352,"transfer"
995,560,"transfer"
995,865,"transfer"
996,920,"transfer"
996,261,"transfer"
996,286,"transfer"
996,817,"transfer"
996,458,"transfer"
997,874,"transfer"
997,796,"transfer"
997,259,"transfer"
997,606,"transfer"
997,387,"transfer"
998,814,"transfer"
998,871,"transfer"
998,548,"transfer"
998,558,"transfer"
998,781,"transfer"
999,891,"transfer"
999,839,"transfer"
999,934,"transfer"
999,71,"transfer"
999,919,"transfer"
1000,921,"transfer"
1000,662,"transfer"
1000,506,"transfer"
1000,366,"transfer"
1000,140,"transfer"
687,1,"transfer"
